time,x,y,yaw
1743941675.2715652,0.0,0.0,0.0
1743941675.371565,0.0193230786630341,0.00024890632944287296,0.00037912699448694026
1743941675.4715652,0.039413001610403446,-0.00024167306602186536,-0.0009450329181579088
1743941675.5715652,0.059689525119144694,-0.0004490426521401562,-0.002565437836587137
1743941675.6715653,0.08015137951698612,-0.0005240171842405838,-0.0022079029375122777
1743941675.7715652,0.10105715365044071,-0.0009887080807816392,-0.0037469102999871436
1743941675.871565,0.11938849112132294,-0.0012023938590236146,-0.005177814385400816
1743941675.9715652,0.13953994112479942,-0.0010079216534407925,-0.004238392131661891
1743941676.0715652,0.15806279532081738,-0.001086701551597752,-0.005470410118147133
1743941676.1715653,0.17817262114417384,-0.0012909731519059825,-0.006342480809539974
1743941676.2715652,0.19818017472236876,-0.0012310812263678762,-0.006171977150294835
1743941676.371565,0.21936652795678419,-0.0014548610855259084,-0.008296539300272849
1743941676.4715652,0.2378838734919543,-0.0017793694744943356,-0.008730766688547144
1743941676.5715652,0.25962714176377816,-0.0020076888818717233,-0.008952187152446413
1743941676.6715653,0.2812334503111457,-0.002754863136731361,-0.00775329435606243
1743941676.7715652,0.30263983770358693,-0.002854662782984415,-0.011752069160926058
1743941676.871565,0.3235511777862635,-0.003113681510052319,-0.011896805597268904
1743941676.9715652,0.3426855903542659,-0.0037472861070708885,-0.011452825285197893
1743941677.0715652,0.3624320115626431,-0.0039957277733815065,-0.010104271938877168
1743941677.1715653,0.3839154184571924,-0.004388072236332632,-0.01224699740091993
1743941677.2715652,0.41162516475881467,-0.004711339593138686,-0.0048079254033894184
1743941677.371565,0.44597102885270196,-0.005562996688995498,0.009843647448141172
1743941677.4715652,0.48507917339764467,-0.0053220250912003105,0.03470245422171368
1743941677.5715652,0.5230296475516037,-0.0038237776520482743,0.0691255535729069
1743941677.6715653,0.5610976264745424,-0.002026421802235964,0.1167930168463821
1743941677.7715652,0.6010465916055374,0.003235698098866784,0.1772772792252017
1743941677.871565,0.6383572275635094,0.010216455933698491,0.24195387044364292
1743941677.9715652,0.6774247414901171,0.019712789565759746,0.30631879418787156
1743941678.0715652,0.7153224802663869,0.031698873341510954,0.3713215803960553
1743941678.1715653,0.7534727891977828,0.046751848854978295,0.43170747264524084
1743941678.2715652,0.7879563508468864,0.06262025307704493,0.4933183193843811
1743941678.371565,0.8227977168415916,0.08077761632987024,0.5583811293815997
1743941678.4715652,0.8563975269903901,0.10137522242095486,0.6224891020076226
1743941678.5715652,0.8877395009528033,0.12479972561129121,0.683586996572044
1743941678.6715653,0.9176508460067254,0.14938553798207724,0.7495727934516847
1743941678.7715652,0.9470689029184269,0.17654573418993505,0.8117912160137252
1743941678.871565,0.974804214568265,0.20522086343359303,0.8802852199849451
1743941678.9715652,0.9998841914957551,0.2357435301433563,0.9462826847236036
1743941679.0715652,1.0232558017688251,0.2679634898302524,1.0101821676093832
1743941679.1715653,1.042929192097225,0.2998348479361131,1.072824878751859
1743941679.2715652,1.0596680477581149,0.3299183232451806,1.145823514698886
1743941679.371565,1.0742216140936816,0.3617315559632009,1.2200358117251413
1743941679.4715652,1.085773508441872,0.39292800131680405,1.296306185613604
1743941679.5715652,1.0950915325224264,0.425161423144289,1.3734903238300653
1743941679.6715653,1.1019978381251319,0.4581549784296872,1.44744291659199
1743941679.7715652,1.1057315801251337,0.49095985467851033,1.5208215084539836
1743941679.871565,1.106923347199789,0.5251316942388219,1.5942594734709186
1743941679.9715652,1.1059207159348012,0.5590678249499038,1.6670773096079958
1743941680.0715652,1.102918699692117,0.593426350054194,1.7400689834434682
1743941680.1715653,1.0972645940365293,0.6263231405256535,1.8155947913251407
1743941680.2715652,1.0892830362597083,0.65830992887091,1.887509424703965
1743941680.371565,1.0786277648581242,0.6919305520909232,1.9610349888879777
1743941680.4715652,1.0660429859311573,0.7215620946174321,2.034369829210956
1743941680.5715652,1.0514585613017928,0.7514464692303147,2.1068837252987698
1743941680.6715653,1.034282057518749,0.7808786029931406,2.1805255537264716
1743941680.7715652,1.0148104980132182,0.8090115670720909,2.2552484545866784
1743941680.871565,0.9923999625984846,0.8369131151774715,2.3305881523101273
1743941680.9715652,0.9690380787238873,0.861933989765484,2.406042237216447
1743941681.0715652,0.9435982298105917,0.8844401618797522,2.482162970355798
1743941681.1715653,0.9166465809532345,0.9053067196346823,2.5577817229895894
1743941681.2715652,0.8927530812207499,0.9213202948222602,2.636160685067829
1743941681.371565,0.8712317022346842,0.9331588193398427,2.716160685067829
1743941681.4715652,0.8538424165162003,0.9408747117843519,2.794710791537285
1743941681.5715652,0.8385664282933298,0.9464160469232681,2.8723679768118124
1743941681.6715653,0.8283277261057798,0.9493132461484344,2.9523679768118125
1743941681.7715652,0.8219651390420197,0.9504559839492249,3.028228293107378
1743941681.871565,0.818485670952048,0.9507771680109963,3.108228293107378
1743941681.9715652,0.8128186981680309,0.9510144129940776,3.1877679814266027
1743941682.0715652,0.8078494572547005,0.9507797367773143,3.2666158714058113
1743941682.1715653,0.8020530901762472,0.9500745472551602,3.344893072655316
1743941682.2715652,0.795711807342732,0.9486744333008021,3.424893072655316
1743941682.371565,0.7914178381983162,0.9474551930271848,3.504893072655316
1743941682.4715652,0.785381868242473,0.9450796441051065,3.584893072655316
1743941682.5715652,0.7796493748115673,0.9423454159444947,3.6629474567934466
1743941682.6715653,0.7754090887229332,0.9398395957867687,3.7429474567934466
1743941682.7715652,0.7690627446771294,0.9355555439206457,3.8227530068206876
1743941682.871565,0.7646719428153169,0.9321321549241833,3.898125825101922
1743941682.9715652,0.7600924354893174,0.9279535928456204,3.9781258251019223
1743941683.0715652,0.7571168279577335,0.9246037051339642,4.057724235653034
1743941683.1715653,0.7543460754644196,0.9209699296420021,4.137724235653034
1743941683.2715652,0.7495348410810884,0.9135806317484632,4.215514703827696
1743941683.371565,0.7453122163708986,0.9056463507743479,4.295440671778815
1743941683.4715652,0.7414350742909301,0.8969982484584719,4.375440671778815
1743941683.5715652,0.7377216101323607,0.8862707641237133,4.455440671778815
1743941683.6715653,0.7348867336367104,0.8758186610090184,4.533944687728857
1743941683.7715652,0.7331916328093109,0.8660390999764143,4.612750134257199
1743941683.871565,0.7320974591425278,0.8553283623718683,4.690544498352574
1743941683.9715652,0.7318789836038139,0.845168295306836,4.770544498352574
1743941684.0715652,0.7324352697734745,0.8343314714517831,4.848415744046285
1743941684.1715653,0.7337789448592497,0.8250097127920734,4.928245787575932
1743941684.2715652,0.7357560267981461,0.8160037146480681,5.008245787575932
1743941684.371565,0.7384384698757868,0.8066434943393206,5.086443840086398
1743941684.4715652,0.7427517086074288,0.7956077394848978,5.166443840086398
1743941684.5715652,0.7467766630680862,0.787047711341554,5.246443840086398
1743941684.6715653,0.7515767360831623,0.7789996283967102,5.326443840086398
1743941684.7715652,0.7580608172896072,0.7699575048193225,5.406443840086398
1743941684.871565,0.7642184916498848,0.7625233814809018,5.486443840086398
1743941684.9715652,0.7709963558473851,0.7555241449119962,5.566443840086398
1743941685.0715652,0.7783092166516635,0.7490824791693725,5.646148247875483
1743941685.1715653,0.7860824617835128,0.7433121224212135,5.723580572997607
1743941685.2715652,0.7951308790912152,0.7373209318184637,5.792022124902581
1743941685.371565,0.8046289741062743,0.7323146394301636,5.854589799986886
1743941685.4715652,0.8138089412002347,0.7280773841346567,5.919395638397567
1743941685.5715652,0.8228748721362562,0.7248027364721309,5.979665831492822
1743941685.6715653,0.8313205621708071,0.7221804397186423,6.0414580188981715
1743941685.7715652,0.8412898937462171,0.7196839325670829,6.10964197846766
1743941685.871565,0.8497590432433275,0.7180971517313973,6.171775135291244
1743941685.9715652,0.860843924533057,0.7167967744161794,6.2343581383624915
1743941686.0715652,0.8699471771852983,0.7163546939137637,6.297617464724349
1743941686.1715653,0.8778908376512101,0.7164740615732106,6.360801874594128
1743941686.2715652,0.8885315472903944,0.7171703834007541,6.42509642502806
1743941686.371565,0.8977966547548161,0.7184770251893268,6.489084716108815
1743941686.4715652,0.9080956291008121,0.7205148255319291,6.551217426532113
1743941686.5715652,0.919107242767901,0.7237171025785112,6.611598022744459
1743941686.6715653,0.9298256415577111,0.7274526478823984,6.6782808456321225
1743941686.7715652,0.9394043577222606,0.7315954146586968,6.742846112252522
1743941686.871565,0.947171848606802,0.7353350474574302,6.806942855083601
1743941686.9715652,0.9552478105054111,0.7400228145813217,6.868103076607813
1743941687.0715652,0.9645282092618654,0.7461021630190542,6.93025469069333
1743941687.1715653,0.9713529340304188,0.751092393887082,6.993399249599449
1743941687.2715652,0.9801024486102109,0.7585428233964908,7.05462905392017
1743941687.371565,0.9877931122046215,0.7659934490654353,7.1147171042149395
1743941687.4715652,0.9949594732376074,0.773766018414848,7.170102268620634
1743941687.5715652,1.0006867750063335,0.7806748313134594,7.227716948363241
1743941687.6715653,1.0066964103730038,0.7889855314421041,7.288557044984616
1743941687.7715652,1.0114977958793316,0.7965044793259336,7.34684021488777
1743941687.871565,1.0148751608316862,0.80254648250706,7.40491741654911
1743941687.9715652,1.01850902477295,0.8097546133632039,7.464430807228448
1743941688.0715652,1.0225825070013246,0.8192838927279098,7.525895665077227
1743941688.1715653,1.0260046497720645,0.8288199409985435,7.586827674628867
1743941688.2715652,1.0287877968632895,0.8388377500487508,7.644833932687215
1743941688.371565,1.0310237224652938,0.8485754397172917,7.702493335636089
1743941688.4715652,1.0320900596253688,0.8558773206006633,7.759684100636892
1743941688.5715652,1.0330567136263324,0.8664041797072329,7.81875424953654
1743941688.6715653,1.0333597290413588,0.8767440315739577,7.877500600838549
1743941688.7715652,1.0328311745489895,0.8882986362863831,7.93642771086411
1743941688.871565,1.0318702305157392,0.8974525017987229,7.993370023524335
1743941688.9715652,1.0306378268413317,0.9068939122773338,8.052286439549034
1743941689.0715652,1.028784038421136,0.9156191232199485,8.111892297989824
1743941689.1715653,1.0264102516971338,0.9244876164683228,8.171372684675108
1743941689.2715652,1.0231764782469224,0.934470295350187,8.217855803834956
1743941689.371565,1.0191647063508906,0.9448433308927148,8.25292095306849
1743941689.4715652,1.0158123632775113,0.9527016141413562,8.276243567963384
1743941689.5715652,1.011950457762483,0.9613924245968474,8.287742507304287
1743941689.6715653,1.008082405306607,0.9700174345880027,8.289330315057398
1743941689.7715652,1.0043607010262097,0.9781500891467422,8.281161284398715
1743941689.871565,1.0005493450935032,0.986385479452987,8.264382342792768
1743941689.9715652,0.9964178420444221,0.9959891819439001,8.236665552143243
1743941690.0715652,0.9932719846579675,1.004076455295222,8.199808831380894
1743941690.1715653,0.9896213926402992,1.014114729045439,8.153902611162954
1743941690.2715652,0.9868466333160942,1.0230342977022935,8.097425491137637
1743941690.371565,0.9841382183632957,1.033560232525215,8.033150980435389
1743941690.4715652,0.9826022151117099,1.0426260445522273,7.965218995440959
1743941690.5715652,0.9813913268548405,1.0528331696655717,7.898600190054679
1743941690.6715653,0.9809020273345624,1.0628174545844091,7.835258789156502
1743941690.7715652,0.981044288097188,1.07195588310861,7.771181255042613
1743941690.871565,0.9818799750261084,1.0823973530128086,7.706146448553365
1743941690.9715652,0.9833083078625651,1.0918731963708594,7.641896680617552
1743941691.0715652,0.98533330526046,1.100849390498439,7.576785108984574
1743941691.1715653,0.9882362800304003,1.1103530894074822,7.51237770565372
1743941691.2715652,0.99213635679996,1.1211314309999332,7.436184532315526
1743941691.371565,0.9964825190661132,1.1306169700818702,7.356184532315526
1743941691.4715652,1.0008651222557314,1.1386644758603435,7.27637468073228
1743941691.5715652,1.005928548493191,1.1465434931762646,7.19637468073228
1743941691.6715653,1.0119106587557674,1.1541271601173455,7.117879241972134
1743941691.7715652,1.01941820905893,1.1621175670305386,7.038283924854596
1743941691.871565,1.0271439038305283,1.169537531546416,6.961569601972513
1743941691.9715652,1.0348368413848226,1.1756954457665472,6.883946760999275
1743941692.0715652,1.0445858785163369,1.1824564862092768,6.806887120632964
1743941692.1715653,1.0533188294437386,1.1875739493931767,6.726887120632964
1743941692.2715652,1.0631951533173563,1.192352377058574,6.647455050055044
1743941692.371565,1.0730447395999694,1.1961820970105164,6.567911681559429
1743941692.4715652,1.0845503855996175,1.1996830298493661,6.489549103111553
1743941692.5715652,1.0926409262591794,1.201398377406061,6.409549103111553
1743941692.6715653,1.1018928873111589,1.2027213246493853,6.332606234621787
1743941692.7715652,1.1133950601691953,1.2031633068222236,6.252606234621787
1743941692.871565,1.1237923593074242,1.202988042617432,6.175216351455112
1743941692.9715652,1.1329503651943515,1.2020246702351038,6.095216351455112
1743941693.0715652,1.1435697489587766,1.2000977088300648,6.015216351455112
1743941693.1715653,1.1530724692446404,1.1973954503170832,5.935216351455112
1743941693.2715652,1.161741261742146,1.194081329873665,5.859740775882749
1743941693.371565,1.1713850437725617,1.1897797007097641,5.795839947312768
1743941693.4715652,1.1785590639669568,1.1858525743277337,5.739182116826942
1743941693.5715652,1.1873807193366268,1.1806641751896745,5.693439064140643
1743941693.6715653,1.1946471396910472,1.1759240625950564,5.654964083670745
1743941693.7715652,1.2026660974955663,1.170097902497645,5.6245632800178615
1743941693.871565,1.2110630512530742,1.1634245633501061,5.606477197550731
1743941693.9715652,1.2192698174322647,1.1569787498562543,5.596184761049315
1743941694.0715652,1.2282184692063787,1.1495698068473978,5.59795275813831
1743941694.1715653,1.236239805102948,1.1429407945571826,5.606085464717529
1743941694.2715652,1.2437924186050087,1.137159853741716,5.624371027414017
1743941694.371565,1.2518778351808504,1.1309158374751695,5.653112950250228
1743941694.4715652,1.2590750050781856,1.1255946643920567,5.69015555152876
1743941694.5715652,1.2664450492615638,1.1204531592712657,5.738587892205542
1743941694.6715653,1.2751536598696236,1.1150519438243514,5.8011010065915904
1743941694.7715652,1.2853805564015155,1.1096901131534302,5.864766334236399
1743941694.871565,1.2953194092468723,1.1053327406492623,5.927351150034275
1743941694.9715652,1.3035926413809753,1.1020832691965015,5.989824095402612
1743941695.0715652,1.3135264233784398,1.0991720088136416,6.051099664732825
1743941695.1715653,1.3233075018959062,1.0969379654440867,6.116633885867877
1743941695.2715652,1.332273768614689,1.0954470491561161,6.171266299563795
1743941695.371565,1.3419858709333652,1.0945137226516175,6.215642156156204
1743941695.4715652,1.3532107079086628,1.093756616385868,6.2577587682273865
1743941695.5715652,1.3627944716770555,1.0935581568931965,6.298047853268795
1743941695.6715653,1.3718881073415872,1.0937233289317811,6.338901866153641
1743941695.7715652,1.3824071544369554,1.0944197586364448,6.377296760384596
1743941695.871565,1.3910142468359052,1.095323039702683,6.416071129620375
1743941695.9715652,1.400780643270441,1.096561344010569,6.4547581523722855
1743941696.0715652,1.40945414988911,1.098131235387688,6.498553368512313
1743941696.1715653,1.4201112238406075,1.1006690085804485,6.536409282025952
1743941696.2715652,1.430058174473936,1.1032036388733633,6.573329096252447
1743941696.371565,1.4396404089292563,1.1059382789450205,6.614917049577483
1743941696.4715652,1.4482738041610808,1.1090074804043184,6.653819389085058
1743941696.5715652,1.4584645868413535,1.1128764338009456,6.69035764662952
1743941696.6715653,1.4688699570648118,1.117079980916154,6.728518492200646
1743941696.7715652,1.4783148806151767,1.1217365978563612,6.770054519881649
1743941696.871565,1.4868674729777582,1.1262629232278858,6.8089190932462635
1743941696.9715652,1.4958805065454615,1.1313475109644846,6.848824681082999
1743941697.0715652,1.503517754180003,1.136363967559944,6.889223391262041
1743941697.1715653,1.511953619385935,1.1423459748207831,6.930086655954168
1743941697.2715652,1.520973070377812,1.149315704669138,6.958912725520484
1743941697.371565,1.5304068735586922,1.1569861241644874,6.990394660706698
1743941697.4715652,1.5391606345641407,1.1644545271229518,7.0175280854138675
1743941697.5715652,1.5452714981751583,1.1699352385602628,7.044882854918391
1743941697.6715653,1.5532565579494453,1.1772530398897172,7.076488518809723
1743941697.7715652,1.559694912765319,1.1837900732161841,7.1065279254730225
1743941697.871565,1.5659352908577817,1.1905146968596743,7.13686710040933
1743941697.9715652,1.573717083712403,1.1992476338164948,7.1649699035392596
1743941698.0715652,1.5799425721765479,1.206782516718987,7.197529219441161
1743941698.1715653,1.5856529571437918,1.2143011274990805,7.224095412419465
1743941698.2715652,1.5917350084058346,1.2226231857038379,7.256239364475968
1743941698.371565,1.5967497991562547,1.2299694795418292,7.28296819974124
1743941698.4715652,1.6022461635704404,1.2384650867430167,7.309973676645516
1743941698.5715652,1.6064057638387235,1.2452146107006479,7.338761540998813
1743941698.6715653,1.6116518084018485,1.254557316726123,7.369578037299174
1743941698.7715652,1.6166348038631326,1.2643307454045574,7.398010807471956
1743941698.871565,1.6211237933397964,1.2734290671455242,7.428930490604085
1743941698.9715652,1.6258505325659687,1.2833362436611138,7.458765502888552
1743941699.0715652,1.6294310773027296,1.2917637851768975,7.489796810187372
1743941699.1715653,1.632991633062215,1.3008530077511824,7.5193827151647055
1743941699.2715652,1.637106209884259,1.3125211692086798,7.557677015649207
1743941699.371565,1.6401380678973314,1.3228280950513487,7.603294477222175
1743941699.4715652,1.6424783083123828,1.3320564252603482,7.652541028806688
1743941699.5715652,1.644617307366047,1.3423739179148806,7.698090362505196
1743941699.6715653,1.6460368538752008,1.351261352217903,7.743827533480511
1743941699.7715652,1.6472334675573839,1.3638365194629964,7.790219143853536
1743941699.871565,1.647832830548085,1.373256778893168,7.83668285251581
1743941699.9715652,1.647912250219976,1.3843573652874357,7.8816363491553565
1743941700.0715652,1.6475184235169629,1.3951483340511295,7.928106013558977
1743941700.1715653,1.6467873104966848,1.405352390752863,7.97256833067396
1743941700.2715652,1.6454786948080962,1.4154177290133576,8.019880677688798
1743941700.371565,1.64414883288911,1.4235734778813653,8.06499822671172
1743941700.4715652,1.6423177619206228,1.4323885210415364,8.109635467714023
1743941700.5715652,1.6402638621354995,1.4404320778186608,8.154855144894032
1743941700.6715653,1.6373529569284087,1.4498001756737335,8.199098323898065
1743941700.7715652,1.6340451812133665,1.4589354583864584,8.249180145858395
1743941700.871565,1.6294975051641467,1.4696749909805586,8.295811662812547
1743941700.9715652,1.624881238733582,1.4794241205615244,8.341442477222337
1743941701.0715652,1.6198503327370621,1.4887659552750925,8.387862605355824
1743941701.1715653,1.6158675184469484,1.495486063925167,8.432636912740895
1743941701.2715652,1.608415223215652,1.5070143031034855,8.486908012509142
1743941701.371565,1.599341932138051,1.5197781197262654,8.553793122581423
1743941701.4715652,1.5906437783990697,1.5298263309496187,8.615991089025865
1743941701.5715652,1.580327444744318,1.5408188449301141,8.681284839294923
1743941701.6715653,1.5698709826926363,1.550475167615265,8.744857606686574
1743941701.7715652,1.5582549063315814,1.5598458444138528,8.808066207060582
1743941701.871565,1.5456586988607015,1.5688098633270482,8.873104943407947
1743941701.9715652,1.5335347611628407,1.5766651261008198,8.938731877505813
1743941702.0715652,1.520689242434462,1.5832001280352428,9.00964205759183
1743941702.1715653,1.5074865802869866,1.5892969270468689,9.07827646658072
1743941702.2715652,1.4926613332692615,1.5949075950457214,9.143121454866128
1743941702.371565,1.47885991500978,1.598927211946672,9.206740292956798
1743941702.4715652,1.465629089562874,1.6021021861930083,9.270615378728728
1743941702.5715652,1.4512809221347973,1.6041822088293602,9.335693201958236
1743941702.6715653,1.4379777328415346,1.605349901256592,9.395987152805954
1743941702.7715652,1.4238710484575783,1.6059387177059574,9.463628434255329
1743941702.871565,1.4093248554400708,1.6055576194673267,9.528547904510207
1743941702.9715652,1.3959596493958553,1.6041658024111018,9.591316208826541
1743941703.0715652,1.380505157038731,1.6016847530398453,9.65607002103793
1743941703.1715653,1.3657673990519232,1.598277983902449,9.722813130162525
1743941703.2715652,1.3469784904474724,1.5929158828671406,9.786766060880248
1743941703.371565,1.3238601134522334,1.5838361937317549,9.84875471179544
1743941703.4715652,1.2982940651850623,1.5728516389170926,9.912718396780992
1743941703.5715652,1.2724402516368858,1.5588288231405985,9.975380717595462
1743941703.6715653,1.249697165960429,1.5449824342950422,10.039946127024097
1743941703.7715652,1.2278191294206133,1.529821479549303,10.105591540256528
1743941703.871565,1.2043277835068238,1.5110398588927945,10.169647061363397
1743941703.9715652,1.1830780985208313,1.4911273307449475,10.232542424531323
1743941704.0715652,1.1642153274892986,1.4712457187533714,10.299268612174082
1743941704.1715653,1.1452089347392236,1.4480811392872417,10.362970121611173
1743941704.2715652,1.129416409526162,1.4265817868283874,10.426460870242199
1743941704.371565,1.1139946213066214,1.4029102782792227,10.488817387144524
1743941704.4715652,1.1006532167218488,1.3781865792300572,10.555187993420786
1743941704.5715652,1.0889691978093827,1.3532398593867245,10.620020928685197
1743941704.6715653,1.0786967941285361,1.3272528563623458,10.688387086247852
1743941704.7715652,1.0699560216417026,1.2991522584450288,10.751475384671808
1743941704.871565,1.0634582636643242,1.272094531433239,10.818389242790541
1743941704.9715652,1.0580581511715552,1.2442908070518262,10.880062335302002
1743941705.0715652,1.054832231715192,1.216847318869612,10.944571857474614
1743941705.1715653,1.0530772482805861,1.1877095008667704,11.011226650341543
1743941705.2715652,1.0533984036383326,1.1586893742859985,11.090235911941614
1743941705.371565,1.0558816212496809,1.132258405249982,11.170235911941614
1743941705.4715652,1.0607339512028813,1.1042946834190914,11.250078424025824
1743941705.5715652,1.0674164699148594,1.0769574683298613,11.328485427190012
1743941705.6715653,1.0757791867393613,1.0525780185032976,11.405720346716835
1743941705.7715652,1.0867428962130432,1.026195381232698,11.485720346716835
1743941705.871565,1.1011101950564806,0.9998774116196821,11.563276070624443
1743941705.9715652,1.1167436757940081,0.9760739351687402,11.640258135225295
1743941706.0715652,1.1333353802148955,0.9538923340461501,11.720258135225295
1743941706.1715653,1.1526317402380721,0.9324205635788577,11.800258135225295
1743941706.2715652,1.171583882346212,0.9146543174330651,11.87901135931447
1743941706.371565,1.1929985264261054,0.8966736999000293,11.958397574351649
1743941706.4715652,1.2155952834882644,0.8803344910281444,12.035551612782134
1743941706.5715652,1.2387978837533558,0.8661685244128523,12.115551612782134
1743941706.6715653,1.264128097339554,0.8537540114402837,12.195551612782134
1743941706.7715652,1.289476931477554,0.8438102492418988,12.275551612782134
1743941706.871565,1.3166487809604623,0.8358787213456333,12.355551612782135
1743941706.9715652,1.3463073237981409,0.8292387035899577,12.43473018291543
1743941707.0715652,1.3743481498760122,0.8256098269099533,12.51390634245668
1743941707.1715653,1.4031814932962514,0.8238785916025434,12.59390634245668
1743941707.2715652,1.43109438720347,0.8249351420916062,12.67390634245668
1743941707.371565,1.458437752180097,0.8279962014319797,12.75390634245668
1743941707.4715652,1.484399326379654,0.8333035364843757,12.833264931521999
1743941707.5715652,1.5101561099633103,0.8409242305173192,12.913264931521999
1743941707.6715653,1.5342595303218935,0.8501846468355098,12.993264931521999
1743941707.7715652,1.559445817414493,0.8617999687294736,13.072276609613642
1743941707.871565,1.5837447389100803,0.8753505048775249,13.151177506210729
1743941707.9715652,1.6074109307334612,0.8913012413759526,13.231177506210729
1743941708.0715652,1.6285750099628757,0.9077705063048224,13.31117750621073
1743941708.1715653,1.6487986706719047,0.9272459200739074,13.39117750621073
1743941708.2715652,1.6680664583853102,0.9477466689755754,13.47117750621073
1743941708.371565,1.684697792870192,0.9695160675696742,13.55117750621073
1743941708.4715652,1.699364821447919,0.9917373355542186,13.630795360002343
1743941708.5715652,1.712600178252768,1.0158507902726077,13.710795360002344
1743941708.6715653,1.7236141359126649,1.040149125751706,13.790795360002344
1743941708.7715652,1.7329218808376137,1.0672049912899053,13.869132265652338
1743941708.871565,1.7397712835374517,1.0925498963114804,13.949132265652338
1743941708.9715652,1.7449874177415878,1.1205732443161045,14.029132265652338
1743941709.0715652,1.7480702122887821,1.1468448356676841,14.105001298838156
1743941709.1715653,1.7489567076462325,1.1743645438538313,14.185001298838156
1743941709.2715652,1.747186357116039,1.2057461078562872,14.265001298838156
1743941709.371565,1.7432592151146353,1.2409408881164885,14.345001298838156
1743941709.4715652,1.734168521963963,1.2834917902825533,14.424370892668454
1743941709.5715652,1.721529460351454,1.326739179101582,14.504370892668454
1743941709.6715653,1.7054248349461152,1.3692701300876953,14.584370892668455
1743941709.7715652,1.685794440773485,1.4096812577411437,14.664064381975775
1743941709.871565,1.663378201859766,1.4480175389269734,14.744064381975775
1743941709.9715652,1.6373136852923837,1.4851077089428688,14.824064381975775
1743941710.0715652,1.6088381251711936,1.5190733385699648,14.904064381975775
1743941710.1715653,1.5760372577747541,1.5523061251403352,14.984064381975776
1743941710.2715652,1.543030228334237,1.5815806094135292,15.064064381975776
1743941710.371565,1.5067934269388659,1.608738272405674,15.144064381975776
1743941710.4715652,1.4673416110032467,1.6343404120207352,15.223168556311029
1743941710.5715652,1.427444141351777,1.6549641415216032,15.303168556311029
1743941710.6715653,1.384180993178654,1.6731298066786333,15.38170540961612
1743941710.7715652,1.3428742047543545,1.6872643059664019,15.46170540961612
1743941710.871565,1.2981831106233077,1.6981509944231226,15.541705409616121
1743941710.9715652,1.2522699960102672,1.7060131965751462,15.621705409616121
1743941711.0715652,1.208116589674951,1.7101109926054772,15.701705409616121
1743941711.1715653,1.1616793359281938,1.7110947102291743,15.781653115276136
1743941711.2715652,1.1193963166880037,1.7083110260250032,15.853655932385374
1743941711.371565,1.0844942948187357,1.7027470623810699,15.918017252861365
1743941711.4715652,1.0491562667869105,1.695192208058793,15.982862577081189
1743941711.5715652,1.0123977475381527,1.6847856391599054,16.04577241004722
1743941711.6715653,0.9774350866064042,1.6721026094746076,16.110208582316993
1743941711.7715652,0.9442749811729774,1.6578387489344921,16.17597305349083
1743941711.871565,0.9088742824045243,1.6401423901231367,16.238966264695108
1743941711.9715652,0.8750899420477958,1.619858771050401,16.298842859451273
1743941712.0715652,0.8441211770468354,1.5989559053640712,16.361717372151084
1743941712.1715653,0.8141586523417639,1.575654932843587,16.42615976937759
1743941712.2715652,0.7863180260903647,1.550949463041066,16.490581311950358
1743941712.371565,0.7592683150763376,1.524017797049655,16.554234862186078
1743941712.4715652,0.7350645294779788,1.4966209503414327,16.617271793147204
1743941712.5715652,0.7114770164588569,1.4658410447171326,16.682935697894454
1743941712.6715653,0.6899649376585629,1.4326286832877593,16.745611915778536
1743941712.7715652,0.6698985587911674,1.3990286648799541,16.813296427466383
1743941712.871565,0.65328521353167,1.3667891944053738,16.879437836302774
1743941712.9715652,0.6386660315341605,1.3319136243950005,16.945028224696415
1743941713.0715652,0.6266906409330856,1.2977822075812449,17.00713531005551
1743941713.1715653,0.6167897979267949,1.2615395398722289,17.072890609882062
1743941713.2715652,0.6078157267152144,1.2192651919994755,17.137178919126175
1743941713.371565,0.6017227591142502,1.1722878998752555,17.200542877124814
1743941713.4715652,0.5976864200072756,1.120513345076257,17.265500584677927
1743941713.5715652,0.5964983930896018,1.0695678128427208,17.33138982791568
1743941713.6715653,0.598551599472599,1.0193654641506762,17.394999127491566
1743941713.7715652,0.603338327148903,0.9698965945738377,17.45795664715091
1743941713.871565,0.6121462195949791,0.9197216608843811,17.522539968939075
1743941713.9715652,0.6258970433681055,0.8697031857986387,17.58358643487552
1743941714.0715652,0.6403541671571369,0.8219372990098621,17.642585273940853
1743941714.1715653,0.6584904225339056,0.775926187547473,17.70722374784
1743941714.2715652,0.6790621261149193,0.7309006589928586,17.769796904933383
1743941714.371565,0.703195565381331,0.6854301799701713,17.832608662479924
1743941714.4715652,0.7298606645293894,0.6423925049649746,17.895598405063414
1743941714.5715652,0.7589649049277003,0.6014571439493527,17.958084198683448
1743941714.6715653,0.790581140406115,0.5620726583994592,18.018179687406075
1743941714.7715652,0.824610742577759,0.525127337006482,18.080690035607265
1743941714.871565,0.8611690520854931,0.48997178615056547,18.141661371090915
1743941714.9715652,0.8980925734398763,0.45723406932140936,18.200619591674993
1743941715.0715652,0.93837824428505,0.4269997308636291,18.262181746002398
1743941715.1715653,0.9809329324223993,0.3985003742943679,18.322316708576416
1743941715.2715652,1.020746013981827,0.3756087081564392,18.3726277545913
1743941715.371565,1.0617431143798437,0.354162173676154,18.414851881042484
1743941715.4715652,1.1029725204050105,0.3348587386376857,18.457224613054095
1743941715.5715652,1.1477460536121302,0.31698212462047826,18.5032519493615
1743941715.6715653,1.1902221535410837,0.3017636661556925,18.544912634015482
1743941715.7715652,1.232111528670453,0.2885603977626221,18.585572541043422
1743941715.871565,1.277226960859864,0.275862788061509,18.630363739169553
1743941715.9715652,1.3227323407466216,0.26597801884377875,18.67528636265697
1743941716.0715652,1.3697835057242,0.2579947162574784,18.72220688485524
1743941716.1715653,1.4145845218136777,0.252466536771943,18.76680561004419
1743941716.2715652,1.4627807951415632,0.24884762346231112,18.80998860215999
1743941716.371565,1.5086541828504234,0.24727088120140958,18.857507123283725
1743941716.4715652,1.5560962231139126,0.24773160094572858,18.900144817348828
1743941716.5715652,1.602276446789679,0.24991811589316812,18.95100213694395
1743941716.6715653,1.6477351124269932,0.25414257000022705,18.995516267504584
1743941716.7715652,1.6955179261167392,0.2610892370844382,19.046249947630066
1743941716.871565,1.7400662602704362,0.2701653216452598,19.090331861781817
1743941716.9715652,1.7854315509278884,0.28166818619908096,19.133947026474306
1743941717.0715652,1.8303304858807465,0.29363419287632375,19.178806240084903
1743941717.1715653,1.874412658082257,0.3091718492336897,19.22097509971568
1743941717.2715652,1.9247097446192625,0.3289787306791726,19.253757897239282
1743941717.371565,1.9774208065851047,0.3500718035871007,19.27994331306706
1743941717.4715652,2.0300039649556303,0.37396888548986995,19.31057189649644
1743941717.5715652,2.083069625321805,0.4000216614975601,19.33547059264477
1743941717.6715653,2.1358591784402834,0.42840990265105083,19.362261374736313
1743941717.7715652,2.1884146592098648,0.4565578832524716,19.385859675007723
1743941717.871565,2.2397955439293584,0.4875805034700073,19.41114102418845
1743941717.9715652,2.290478852245102,0.5183057970270674,19.434683115810106
1743941718.0715652,2.3389129209400576,0.5499973959575353,19.463083466442658
1743941718.1715653,2.3870626679903273,0.585271499498313,19.48675261360232
1743941718.2715652,2.43504915272824,0.6205412308230235,19.510368125293788
1743941718.371565,2.4820131772417806,0.6569177113822755,19.537597546014773
1743941718.4715652,2.5274691648207424,0.6943002553397991,19.564318867275507
1743941718.5715652,2.571544749255352,0.7335081100980507,19.590927876496732
1743941718.6715653,2.6159598193896283,0.7746012218720079,19.61561256682409
1743941718.7715652,2.65926558857567,0.8149625270014538,19.639410152993566
1743941718.871565,2.701416011270935,0.8574937715664712,19.666955853303957
1743941718.9715652,2.7419513220565106,0.9006664476595122,19.696530108043053
1743941719.0715652,2.781671366091176,0.9454354174275611,19.72105924726943
1743941719.1715653,2.8187197075500596,0.991340079621876,19.74755904033072
1743941719.2715652,2.8521866847258512,1.0342619504451556,19.779428217336203
1743941719.371565,2.8835722202884697,1.0750682241405412,19.810394955975088
1743941719.4715652,2.909401071590112,1.1115741201410791,19.837160458651343
1743941719.5715652,2.932707793928322,1.1473525582687327,19.866452321750334
1743941719.6715653,2.9534375142045186,1.1812552176367452,19.892769564102778
1743941719.7715652,2.9754904829402586,1.2195647968938539,19.92081142087999
1743941719.871565,2.995247620940241,1.2548835799154316,19.955914827348376
1743941719.9715652,3.0134898070108815,1.292428477884388,19.98601958203609
1743941720.0715652,3.0319953686962138,1.3329234592404133,20.015124115062967
1743941720.1715653,3.0489509094165927,1.3720309889220594,20.04496696264917
1743941720.2715652,3.0643764556147683,1.4114533618261955,20.07454900090721
1743941720.371565,3.078296721778549,1.45033724241365,20.106165638737924
1743941720.4715652,3.090903081810068,1.4899629451799683,20.138034930772985
1743941720.5715652,3.102224781402165,1.5304761933875632,20.169439004600942
1743941720.6715653,3.112035323157134,1.5706752550661904,20.196933037054766
1743941720.7715652,3.1210965191007465,1.6116123459653524,20.227196249451318
1743941720.871565,3.1289360394736305,1.6522725615959548,20.258437762767954
1743941720.9715652,3.1350299488310394,1.6933687061841505,20.289070697826357
1743941721.0715652,3.140460289095723,1.7347157827791324,20.322162365666866
1743941721.1715653,3.1437748943757744,1.7771387250526403,20.353689825356863
1743941721.2715652,3.1477235754291923,1.8244051914632682,20.392737730381114
1743941721.371565,3.1491276066203273,1.8750032371720882,20.430895400398274
1743941721.4715652,3.150014352688467,1.9299811214111224,20.47067385504012
1743941721.5715652,3.147303255785779,1.9904621779710232,20.511942737568585
1743941721.6715653,3.141509406606949,2.0514654088154503,20.549853532204743
1743941721.7715652,3.133485329798093,2.1109102554412105,20.592399498311742
1743941721.871565,3.12245055502529,2.1694216860821265,20.628343573187905
1743941721.9715652,3.110572100101851,2.228437807314518,20.66688566565261
1743941722.0715652,3.095667615291834,2.2851763918070267,20.70434170475824
1743941722.1715653,3.0789049798090162,2.342910527454553,20.7452218799399
1743941722.2715652,3.0604570384241376,2.4001148049548116,20.7843878308918
1743941722.371565,3.0395636051148465,2.4545164741392678,20.821318985340756
1743941722.4715652,3.0168182039175173,2.509483297706792,20.86223755282998
1743941722.5715652,2.9915712798958376,2.5633153181013753,20.899843379818716
1743941722.6715653,2.9645021767837836,2.6147431867981674,20.940903759836186
1743941722.7715652,2.934739870064894,2.6653882184412874,20.97959086977878
1743941722.871565,2.9032859193494867,2.716187327217575,21.016486388385005
1743941722.9715652,2.8701417482521583,2.7659876638310648,21.05484589490253
1743941723.0715652,2.835257517906788,2.814044589303936,21.093158716703826
1743941723.1715653,2.798672539108551,2.8595683550322075,21.132786451010972
1743941723.2715652,2.7652035098584933,2.899257990755748,21.16082964336024
1743941723.371565,2.7311093813438507,2.9359597025759103,21.18219557041203
1743941723.4715652,2.697400007197472,2.9709117364529116,21.191785122132774
1743941723.5715652,2.6626811662572667,3.006956618708599,21.191481878640083
1743941723.6715653,2.6279141884213693,3.042197934702229,21.18130377805689
1743941723.7715652,2.592138379456927,3.079195874523009,21.16442467464605
1743941723.871565,2.557874799263592,3.116993575753464,21.136769783579407
1743941723.9715652,2.524542807918392,3.155111546581826,21.10094376669754
1743941724.0715652,2.493988293427958,3.1933550623075755,21.05479081767441
1743941724.1715653,2.4640942079091195,3.2337027819724358,21.000268474842297
1743941724.2715652,2.43641769497624,3.2769046240664945,20.93386860903981
1743941724.371565,2.4121597947999676,3.3206012403777407,20.87147377554983
1743941724.4715652,2.389760251535306,3.367015698608232,20.804374202881643
1743941724.5715652,2.371189640886089,3.4127095295272145,20.74262586741277
1743941724.6715653,2.3547772105956923,3.462695536074279,20.678251897750574
1743941724.7715652,2.341688988664439,3.511071620439267,20.616518398105043
1743941724.871565,2.3322706416103647,3.560036786128046,20.550979956559956
1743941724.9715652,2.3265569939172037,3.609478366549259,20.486685086309073
1743941725.0715652,2.323534543985995,3.658376758191686,20.420531531561164
1743941725.1715653,2.3235003038048623,3.7084634812511252,20.357984942057993
1743941725.2715652,2.326392268585682,3.7521170490848323,20.285611348635708
1743941725.371565,2.331560813988787,3.7911256904052815,20.205806348725275
1743941725.4715652,2.339014956501639,3.8244673089271024,20.1280128810573
1743941725.5715652,2.3472480623520857,3.852154264054883,20.0480128810573
1743941725.6715653,2.3553829543033418,3.8735360390914044,19.9680128810573
1743941725.7715652,2.364221349152149,3.8915375678621418,19.88863116714274
1743941725.871565,2.3720318406481775,3.9046159558591085,19.808631167142742
1743941725.9715652,2.3791069475810955,3.9148105548523335,19.728631167142744
1743941726.0715652,2.383569791075087,3.9199415961343456,19.650928531552378
1743941726.1715653,2.3867609383408186,3.9232378108017256,19.57288037513309
1743941726.2715652,2.3919193740512386,3.92780862241577,19.49288037513309
1743941726.371565,2.3950048281738416,3.930046658243188,19.412880375133092
1743941726.4715652,2.3980516084873678,3.9320031737261862,19.336147180410958
1743941726.5715652,2.4028935287344027,3.934538782346544,19.25614718041096
1743941726.6715653,2.4069037162834004,3.936334267787329,19.17614718041096
1743941726.7715652,2.4107570564496754,3.9376213919303504,19.096147180410963
1743941726.871565,2.416696742439445,3.9391239609160547,19.016147180410965
1743941726.9715652,2.4211805920612774,3.9399321838684522,18.936147180410966
1743941727.0715652,2.426134876699535,3.9404375178334408,18.856147180410968
1743941727.1715653,2.430969183038945,3.940476807156065,18.77626167642782
1743941727.2715652,2.441832992076291,3.939755383314395,18.70766358127415
1743941727.371565,2.457073181665386,3.937718870524774,18.651354191578612
1743941727.4715652,2.4746101800360467,3.9338406999927003,18.595343246050795
1743941727.5715652,2.491722273515019,3.9297322590466846,18.5434576787177
1743941727.6715653,2.5089777942123863,3.9242477818745694,18.490122395670582
1743941727.7715652,2.5256775841988994,3.9179653954523874,18.43080897132126
1743941727.871565,2.543937510121727,3.909834808655758,18.377753708834074
1743941727.9715652,2.5597671446116426,3.901575507964919,18.326265815524753
1743941728.0715652,2.576793602342477,3.8918909814211147,18.26984566523018
1743941728.1715653,2.5906476531750884,3.8829318865705442,18.21837057532266
1743941728.2715652,2.6056564837143243,3.8720734037339177,18.168282609366464
1743941728.371565,2.6202160472675557,3.8603127582967884,18.115302122217518
1743941728.4715652,2.633293209953991,3.848397163030216,18.061018092041987
1743941728.5715652,2.6458006961602916,3.835876169991625,18.0038993380548
1743941728.6715653,2.658594630265287,3.8217914337693895,17.951123230471893
1743941728.7715652,2.669678920942394,3.807777152079233,17.89273391677912
1743941728.871565,2.681060503789019,3.791784574570121,17.841366950486886
1743941728.9715652,2.691931053069017,3.7748577895002637,17.78837532524291
1743941729.0715652,2.701263254467523,3.7586563721436748,17.73481987372664
1743941729.1715653,2.709483596124386,3.741658702493101,17.67808087896106
1743941729.2715652,2.71498608178534,3.7280765750954963,17.609322111861278
1743941729.371565,2.7179250763625333,3.7198044174276714,17.52932211186128
1743941729.4715652,2.7185915976147212,3.7169804737575745,17.44932211186128
1743941729.5715652,2.7193268169609213,3.7127067713103323,17.371412039999946
1743941729.6715653,2.7198544109217897,3.7061640461649166,17.296950405040953
1743941729.7715652,2.7199056441870395,3.702538577589786,17.216950405040954
1743941729.871565,2.719571298082385,3.697691131285137,17.13816907652485
1743941729.9715652,2.719023532384836,3.6939304139756666,17.05816907652485
1743941730.0715652,2.7180404860014367,3.689420308610093,16.978750640759557
1743941730.1715653,2.7165433408643134,3.6844514860253286,16.901403476929634
1743941730.2715652,2.715293394894913,3.6813098661238453,16.8247522876729
1743941730.371565,2.7136959282684012,3.6780471263315073,16.744752287672902
1743941730.4715652,2.7104497441469597,3.6725391190795182,16.666694627579318
1743941730.5715652,2.707378586682552,3.668095066130906,16.58669462757932
1743941730.6715653,2.7045336330341265,3.664626320834878,16.50669462757932
1743941730.7715652,2.69966243432484,3.6597859893843414,16.426694627579323
1743941730.871565,2.6965520974465,3.6570448060535607,16.3491443781491
1743941730.9715652,2.6938952389421074,3.6550171207972815,16.27102235698699
1743941731.0715652,2.68941094522988,3.6521615880831138,16.193330947484537
1743941731.1715653,2.685239615937728,3.6498469634800106,16.113498230031244
1743941731.2715652,2.6773037383228493,3.64638699249672,16.034025966072278
1743941731.371565,2.668092382610953,3.643025253187078,15.95584828737287
1743941731.4715652,2.658784427935076,3.640579666032886,15.87584828737287
1743941731.5715652,2.6494982162805236,3.6387935009077874,15.796880085637733
1743941731.6715653,2.63701899553931,3.637715522019513,15.716880085637733
1743941731.7715652,2.6277160665409767,3.6378316824454293,15.636880085637733
1743941731.871565,2.616184678033202,3.6386002136884903,15.556880085637733
1743941731.9715652,2.606881189590826,3.640003715984509,15.476880085637733
1743941732.0715652,2.5977857177477848,3.642367336131669,15.396880085637733
1743941732.1715653,2.588859431221541,3.6451717449896446,15.316880085637733
1743941732.2715652,2.5799210059191884,3.6489347202136004,15.236880085637733
1743941732.371565,2.5715565269092857,3.652956213609413,15.157776569572885
1743941732.4715652,2.56310174167135,3.6581592279043154,15.080416298927027
1743941732.5715652,2.555454207017639,3.663633990031837,15.000985134962914
1743941732.6715653,2.547944491654491,3.6701192415530457,14.923693911528728
1743941732.7715652,2.5408477233063915,3.6773215811721425,14.843693911528728
1743941732.871565,2.5335448857152114,3.6856393436247745,14.763693911528728
1743941732.9715652,2.527750288786876,3.6934550266355153,14.683791496390867
1743941733.0715652,2.5221382765846285,3.7022670954375614,14.603791496390867
1743941733.1715653,2.5176217926115365,3.7114587937597046,14.523791496390867
1743941733.2715652,2.513950515130435,3.720236638255784,14.448628183044336
1743941733.371565,2.5116761402027823,3.7273994851580454,14.372020078130516
1743941733.4715652,2.5092181256807895,3.737232147124807,14.293404522283131
1743941733.5715652,2.507739388702709,3.747516403331183,14.219015414337743
1743941733.6715653,2.506983809598207,3.756756058852442,14.146497904158567
1743941733.7715652,2.506776130837875,3.766221644145624,14.0687076675724
1743941733.871565,2.5077427256511564,3.7772312575773244,13.99235119809165
1743941733.9715652,2.5090632019336097,3.787125211372277,13.918736640667598
1743941734.0715652,2.5111548529700123,3.796847634218622,13.842293982912938
1743941734.1715653,2.5139546233170944,3.806181969599156,13.769496467250491
1743941734.2715652,2.5182297833310265,3.817768297098373,13.694236437801838
1743941734.371565,2.522941332457387,3.827480769738976,13.622344633003154
1743941734.4715652,2.527000259781546,3.834683282363171,13.549238759783455
1743941734.5715652,2.5332184140900957,3.8439518625986233,13.477067202547952
1743941734.6715653,2.538681336156116,3.8510538548278928,13.400136206783838
1743941734.7715652,2.5446821763426186,3.8576502538963555,13.327012303580538
1743941734.871565,2.5524428060553315,3.86505814749977,13.25372187875619
1743941734.9715652,2.5584101128254026,3.8699143842163153,13.178615868637786
1743941735.0715652,2.5669708691792947,3.8759180736826804,13.10566056260718
1743941735.1715653,2.574560075072616,3.8806032718183343,13.031009972418394
1743941735.2715652,2.58491158399895,3.885667300389792,12.967716191503008
1743941735.371565,2.5972033458414416,3.890925581679845,12.899785292505294
1743941735.4715652,2.6100292266754845,3.8953350885075335,12.831638057049235
1743941735.5715652,2.622393425511754,3.898667607444892,12.763888340928377
1743941735.6715653,2.6353335919652507,3.9012988349903437,12.69670066095181
1743941735.7715652,2.6486652095272323,3.902964527896893,12.628463577370217
1743941735.871565,2.662379150277783,3.9041752848650204,12.562215916372601
1743941735.9715652,2.675366461492005,3.904343665515306,12.493361605570751
1743941736.0715652,2.6874157282844364,3.9033967462150168,12.428667669411391
1743941736.1715653,2.6991536804787004,3.90165273319582,12.362662898967358
1743941736.2715652,2.7124501344293517,3.8988367346630626,12.296004390327811
1743941736.371565,2.72559547463925,3.8951272824641485,12.227754381963962
1743941736.4715652,2.738700725103712,3.8904422199996183,12.160395544290271
1743941736.5715652,2.7507690834621443,3.885421327205248,12.09206277236808
1743941736.6715653,2.763821742972634,3.8787512377456843,12.03130512342194
1743941736.7715652,2.775203419658241,3.8719840698508263,11.963230686528087
1743941736.871565,2.7866773102902966,3.8640123646453652,11.895468190403056
1743941736.9715652,2.797683132061638,3.855441750972379,11.827941277349439
1743941737.0715652,2.8074265100300173,3.8465505849316997,11.75710162635965
1743941737.1715653,2.815108839949632,3.8385074736138445,11.68973565945817
1743941737.2715652,2.8253735020495268,3.826226521057577,11.628445193167064
1743941737.371565,2.8370634326592983,3.8106933952399435,11.57656525703732
1743941737.4715652,2.851136920371782,3.7899582003655663,11.532982304987401
1743941737.5715652,2.8665753310878097,3.7644266136665956,11.489627219276706
1743941737.6715653,2.8802428293419684,3.737957713424221,11.444679138264815
1743941737.7715652,2.8933725341103314,3.7113018767568513,11.398586279373776
1743941737.871565,2.9050529488841113,3.6847159402100806,11.353116213730802
1743941737.9715652,2.915665701018701,3.656459212420518,11.311607646348165
1743941738.0715652,2.924776478956218,3.6292194960929103,11.26636100048039
1743941738.1715653,2.9321884666069815,3.6005831313866516,11.219481796350625
1743941738.2715652,2.9386431618057514,3.572454068901728,11.173558789353223
1743941738.371565,2.944093771429416,3.542965218082638,11.129957348030992
1743941738.4715652,2.947981391587541,3.5143510940858462,11.087248864059964
1743941738.5715652,2.950544605034011,3.483317919216511,11.040560882217147
1743941738.6715653,2.9521341311684117,3.4526646225172684,10.993625358224909
1743941738.7715652,2.9524135006829817,3.423966056608839,10.950081412564948
1743941738.871565,2.950907552413722,3.3948741323941114,10.905041476697015
1743941738.9715652,2.9479261995444084,3.3641706069723876,10.859436791493401
1743941739.0715652,2.943717227995328,3.3358264679472858,10.819137692956627
1743941739.1715653,2.9383901269897894,3.3072592474622646,10.77288866852273
1743941739.2715652,2.9304262979924474,3.2744882674591573,10.738784479967137
1743941739.371565,2.9200347485818003,3.236957276048123,10.713078875795942
1743941739.4715652,2.9090837166506596,3.1966958871031403,10.696973903832626
1743941739.5715652,2.8950287787342766,3.153032438516713,10.678952414194725
1743941739.6715653,2.879215983974141,3.1060095210845997,10.6593024316185
1743941739.7715652,2.862869432854501,3.058607035223733,10.641828051387181
1743941739.871565,2.846051175049863,3.013398967560242,10.625035989851137
1743941739.9715652,2.827694687334587,2.9681377959860606,10.609322054573934
1743941740.0715652,2.8102529843453654,2.9240591417201416,10.594382717555984
1743941740.1715653,2.791762953319448,2.879451925228578,10.577264274193265
1743941740.2715652,2.770978693089621,2.8354300328951747,10.559354290056765
1743941740.371565,2.750123978364602,2.7905740504862697,10.541060802512728
1743941740.4715652,2.729173588743028,2.7477872410963062,10.524839910667518
1743941740.5715652,2.7070801274967224,2.705035344329091,10.507248135163174
1743941740.6715653,2.6838022305337446,2.6601314519058623,10.489353895793164
1743941740.7715652,2.65983307988132,2.617879552190485,10.468791639875088
1743941740.871565,2.634997167499017,2.575728350431156,10.451242164560284
1743941740.9715652,2.6095757266121913,2.5333558301456787,10.435597589682567
1743941741.0715652,2.583501022503857,2.492403151086759,10.413948134387782
1743941741.1715653,2.5578555359157216,2.4527238540514267,10.395743601874834
1743941741.2715652,2.5287134828310234,2.4108946583071407,10.36950264851168
1743941741.371565,2.4952407364386984,2.3640256170880525,10.332541657453087
1743941741.4715652,2.4574223709559084,2.316205578151136,10.288374209237256
1743941741.5715652,2.4182949479230254,2.270285873364245,10.23721672420318
1743941741.6715653,2.3777959457810542,2.225523520027534,10.192790579072462
1743941741.7715652,2.3338759142218595,2.1845466916239924,10.151229183077803
1743941741.871565,2.28983251643163,2.145530764415684,10.104998994671288
1743941741.9715652,2.2436973831182407,2.108165876769381,10.059016625403565
1743941742.0715652,2.1960381969964082,2.0735572056869223,10.010885840987452
1743941742.1715653,2.1473362725036047,2.041246771087275,9.964148935038777
1743941742.2715652,2.0965047320467374,2.010741840289329,9.92012814277548
1743941742.371565,2.0450721863317027,1.9836467885125602,9.874930901218963
1743941742.4715652,1.9902217049020263,1.9577543592846132,9.828665340917649
1743941742.5715652,1.9358173542769745,1.9341263101074282,9.786287082507
1743941742.6715653,1.8806236283704285,1.9135728377482093,9.743562981017359
1743941742.7715652,1.823747609999432,1.895559527591167,9.697751157540145
1743941742.871565,1.7671398492624764,1.8797020102148987,9.65027814257048
1743941742.9715652,1.7100265768826737,1.86585504661271,9.604929730525226
1743941743.0715652,1.6510400766927582,1.8553759011890048,9.556247946375107
1743941743.1715653,1.591666851793953,1.8474178592137998,9.510457483861721
1743941743.2715652,1.531209480687174,1.844019946159675,9.47359310148692
1743941743.371565,1.473392207874775,1.8406423244062033,9.445218300414588
1743941743.4715652,1.4133936005611294,1.8393511569766547,9.427951690635778
1743941743.5715652,1.354437946827781,1.8390234866969932,9.417444134551527
1743941743.6715653,1.294123624568405,1.839884965712442,9.401217714218767
1743941743.7715652,1.2359116770437104,1.840669944938751,9.383105979057078
1743941743.871565,1.1764262517744228,1.843332859081079,9.368984842778726
1743941743.9715652,1.1161046764921805,1.8472861718083826,9.353978306604805
1743941744.0715652,1.056217916440781,1.8519408946656368,9.336767275667986
1743941744.1715653,0.996610565570195,1.8584865360757346,9.322315582967741
1743941744.2715652,0.9375016050983623,1.864866877204357,9.308264418237
1743941744.371565,0.8792333655949922,1.8711218550546604,9.291456034169338
1743941744.4715652,0.8198151904639986,1.8793751671359655,9.273126577866373
1743941744.5715652,0.7605749702170039,1.888197753047828,9.25459107682816
1743941744.6715653,0.7018049981331008,1.897158910524533,9.237722090320565
1743941744.7715652,0.643227852592007,1.907846414246593,9.222103437806162
1743941744.871565,0.5847812630040445,1.9199157860511002,9.209035537056197
1743941744.9715652,0.5255291410513001,1.9325134617238224,9.19331749420384
1743941745.0715652,0.46721364339818094,1.946925510292923,9.178737218544667
1743941745.1715653,0.4098267935242857,1.960973084421658,9.16159539707727
1743941745.2715652,0.35781337430608784,1.9742640718065267,9.131619990633826
1743941745.371565,0.3106146736837339,1.988684035063264,9.093446912658885
1743941745.4715652,0.26329447172855786,2.0045545244752554,9.057676443009848
1743941745.5715652,0.21669509811079174,2.023110967928481,9.020625745292133
1743941745.6715653,0.17136141471634073,2.0425710539464075,8.980339434657926
1743941745.7715652,0.12515338413579832,2.0645869853397567,8.94403465997116
1743941745.871565,0.08096385445332253,2.0877701855694712,8.906089958621191
1743941745.9715652,0.039395863808526776,2.1116258813839783,8.868279959116254
1743941746.0715652,-0.0038552602981540202,2.1377147105841194,8.829283142118834
1743941746.1715653,-0.04438486451143781,2.165846465939608,8.788478529792787
1743941746.2715652,-0.08306076943125384,2.1960431674193437,8.745700033370996
1743941746.371565,-0.12212486985128237,2.2281573092733016,8.707247719421625
1743941746.4715652,-0.15973921270991565,2.260851547895896,8.665313252282841
1743941746.5715652,-0.1972120081531019,2.2962753093730703,8.623443369026573
1743941746.6715653,-0.23056203733155387,2.3306507671554355,8.58318997475651
1743941746.7715652,-0.26529303423836254,2.3682943291813237,8.540465367172047
1743941746.871565,-0.2963723533901245,2.4062910424031885,8.498786697334133
1743941746.9715652,-0.32677316724786803,2.4468762085866413,8.459832554966953
1743941747.0715652,-0.3554039905062323,2.4890527526431163,8.420089059427642
1743941747.1715653,-0.3821651831822422,2.5310813209973393,8.379813198881207
1743941747.2715652,-0.4104714067153513,2.5803900563272846,8.332580328751087
1743941747.371565,-0.4371116244929954,2.634251352677543,8.276483867213495
1743941747.4715652,-0.4616078504012529,2.688964942157068,8.209451547430048
1743941747.5715652,-0.4831201528569383,2.7453928991749526,8.144593595738376
1743941747.6715653,-0.5000279458545964,2.801509826963446,8.080767112540675
1743941747.7715652,-0.5137966569691004,2.8591392585891886,8.013239091676787
1743941747.871565,-0.522998454623281,2.916815372791166,7.952886701049899
1743941747.9715652,-0.5297563106460432,2.97586972374142,7.886499717979852
1743941748.0715652,-0.531606887156234,3.03489253968325,7.822339544199039
1743941748.1715653,-0.528876435553555,3.0949907807073047,7.756096466171322
1743941748.2715652,-0.5238589066031671,3.154923092053886,7.691496334373015
1743941748.371565,-0.5148235395923884,3.213299891475082,7.623918154397579
1743941748.4715652,-0.5003668012397632,3.2709068184409187,7.558894729969212
1743941748.5715652,-0.4831609863436695,3.3272180842400716,7.494831133413816
1743941748.6715653,-0.4622273641038566,3.3826545705263427,7.427074064089772
1743941748.7715652,-0.4375089255252759,3.435760964733662,7.363250812675735
1743941748.871565,-0.4094039562111692,3.4881950677702243,7.2989993395842685
1743941748.9715652,-0.377843782462073,3.539767416469867,7.233284759340086
1743941749.0715652,-0.3412809188491272,3.5888844375054947,7.166480157691175
1743941749.1715653,-0.3029750806928359,3.634753358619734,7.098166513907064
1743941749.2715652,-0.2651119399844736,3.674402823327381,7.019286029108491
1743941749.371565,-0.22427962059988654,3.711590103831493,6.941467130897867
1743941749.4715652,-0.18328661075353891,3.7431395106517122,6.861467130897867
1743941749.5715652,-0.13865641207107474,3.7741662075452043,6.781467130897867
1743941749.6715653,-0.09106610097912785,3.799903466832106,6.701558126309516
1743941749.7715652,-0.04295437983279069,3.8229913517809053,6.621558126309516
1743941749.871565,0.009022237521337354,3.840645686499606,6.541558126309516
1743941749.9715652,0.060345599595233584,3.8543319815424293,6.461558126309516
1743941750.0715652,0.11288880578307772,3.863392290161773,6.381558126309516
1743941750.1715653,0.16373713368891668,3.8686581376871287,6.301558126309516
1743941750.2715652,0.21736755885551684,3.869714786427141,6.221558126309516
1743941750.371565,0.2696584020462221,3.866811974178655,6.142011901460758
1743941750.4715652,0.3225988147461283,3.8598105071257436,6.06377797403213
1743941750.5715652,0.37563490072004524,3.8472784398711926,5.9837779740321295
1743941750.6715653,0.4273486615671995,3.8318954930341835,5.9037779740321294
1743941750.7715652,0.47783299882324487,3.812237788640383,5.824335250097713
1743941750.871565,0.5274640497010377,3.788616902278458,5.744335250097713
1743941750.9715652,0.5730535755109716,3.761328496793213,5.6644736096803125
1743941751.0715652,0.6160789148628242,3.73192141739631,5.5844736096803125
1743941751.1715653,0.6571790261882486,3.697570181089658,5.504473609680312
1743941751.2715652,0.6959951412773356,3.660763509137477,5.424473609680312
1743941751.371565,0.7307792066668126,3.6207060858652182,5.344473609680312
1743941751.4715652,0.7623363823609628,3.57736673418499,5.264473609680312
1743941751.5715652,0.7895664503623956,3.534542727620932,5.187103307072785
1743941751.6715653,0.8136158479095291,3.4863603465386954,5.108991991990147
1743941751.7715652,0.8339985774335487,3.4371246293238746,5.028991991990147
1743941751.871565,0.8504732989632485,3.3867586420623046,4.949324931951083
1743941751.9715652,0.8622242153898704,3.3363949962582846,4.869324931951083
1743941752.0715652,0.8699954513653646,3.2867023480970254,4.789439220953236
1743941752.1715653,0.8741866433740905,3.2330069821429532,4.712498756418564
1743941752.2715652,0.8742582027896255,3.1813856139247334,4.632498756418564
1743941752.371565,0.8697700586933086,3.1309039805625156,4.5532182813931
1743941752.4715652,0.8612913673503141,3.0784219552348784,4.474055243488283
1743941752.5715652,0.849181590848285,3.0287390503818714,4.394055243488283
1743941752.6715653,0.8331853739573494,2.978112667753018,4.314055243488283
1743941752.7715652,0.8128131205923242,2.9303479133607437,4.2340552434882825
1743941752.871565,0.7886425556376045,2.8845400726854225,4.1540552434882825
1743941752.9715652,0.7605129885650531,2.8402547082831755,4.076493757575278
1743941753.0715652,0.7293482563492856,2.798294766940054,3.996493757575278
1743941753.1715653,0.6958829889799667,2.7600599350714754,3.916493757575278
1743941753.2715652,0.6614750386678897,2.7262733555264376,3.846020252165921
1743941753.371565,0.6255406497563052,2.6958036823620337,3.7806122645585107
1743941753.4715652,0.5876951416556004,2.666985543650031,3.7257726103965823
1743941753.5715652,0.5489289556052103,2.6417536462071243,3.6695149194394996
1743941753.6715653,0.5085822097283101,2.617804437053286,3.617714314274444
1743941753.7715652,0.467844735899404,2.5970499349889185,3.561195242840359
1743941753.871565,0.425261864405638,2.5777705670639484,3.506701914323443
1743941753.9715652,0.3818358926894712,2.5610827506634997,3.4485689637500525
1743941754.0715652,0.33765884184051803,2.5474613524737966,3.3950427440712247
1743941754.1715653,0.29186339847067044,2.5355754040674237,3.338111155196238
1743941754.2715652,0.2472592876331642,2.526435618433951,3.277239163490435
1743941754.371565,0.1981255681068358,2.5197617042267253,3.2198495256338804
1743941754.4715652,0.15208593800509634,2.5162471429466335,3.1653599808129935
1743941754.5715652,0.10576932844343696,2.5156930389001477,3.1098025219368846
1743941754.6715653,0.05852539703253155,2.517631006464928,3.055012462179615
1743941754.7715652,0.011845929674858533,2.521537329020032,2.99763177725738
1743941754.871565,-0.03360347517039038,2.5280073702475923,2.9409775064566133
1743941754.9715652,-0.07975174419962418,2.5372084715816823,2.883013030771457
1743941755.0715652,-0.12655857875067908,2.549551670917362,2.827093732665842
1743941755.1715653,-0.17158995343812558,2.5642248661685216,2.769718082468867
1743941755.2715652,-0.21099658543844338,2.578902858378318,2.7234441285312636
1743941755.371565,-0.25068601986580735,2.596069741054594,2.686746841351479
1743941755.4715652,-0.29005173684355606,2.614774401119263,2.6630178406678944
1743941755.5715652,-0.3266385515719023,2.634302693524626,2.6378905378900135
1743941755.6715653,-0.3639843835624411,2.6543453270407364,2.60966053008582
1743941755.7715652,-0.40243382269231187,2.6765405820292623,2.584990709310454
1743941755.871565,-0.43840885874750113,2.698635929257298,2.556915777672673
1743941755.9715652,-0.4748374318741145,2.721570668507221,2.527672212477919
1743941756.0715652,-0.5098806159396494,2.7459483208596485,2.503993592848612
1743941756.1715653,-0.5455104705595183,2.7726615124054956,2.4772031890987347
1743941756.2715652,-0.5788353790144052,2.7989718810846194,2.4514130029908237
1743941756.371565,-0.6124730744203044,2.827064686032419,2.425418999766784
1743941756.4715652,-0.6451371759387016,2.855552776125963,2.398001998676774
1743941756.5715652,-0.677465902197752,2.885788056428808,2.3700969566898165
1743941756.6715653,-0.7082113317634027,2.9152989246547234,2.348287368008818
1743941756.7715652,-0.7389229232037665,2.9464783171033875,2.3208091667084747
1743941756.871565,-0.7686805727584007,2.9781131629549513,2.2935423935632526
1743941756.9715652,-0.7974181245169839,3.010224490299385,2.2634536099575997
1743941757.0715652,-0.824428818380494,3.04220247017187,2.2400554024669304
1743941757.1715653,-0.8511645546847242,3.0750897702051683,2.2138752116403255
1743941757.2715652,-0.8797387722779298,3.112638551175273,2.179398450039647
1743941757.371565,-0.9050237420147961,3.149507248001886,2.1508483532543914
1743941757.4715652,-0.9294706932672439,3.1865892424482425,2.1216115361728063
1743941757.5715652,-0.9538314552227893,3.2258651657716264,2.0891127549830655
1743941757.6715653,-0.9765373090784353,3.265206293187852,2.0585923320004227
1743941757.7715652,-0.9978932190349779,3.305061406628062,2.027894547232876
1743941757.871565,-1.0182898494978072,3.346181088373476,1.9978975185884378
1743941757.9715652,-1.0362552048942544,3.387295782169049,1.9653761905371006
1743941758.0715652,-1.054219839191565,3.429708171157523,1.9326682822431327
1743941758.1715653,-1.070300681400399,3.4715485389946013,1.8972906535041614
1743941758.2715652,-1.0849655345874312,3.5152297313080094,1.8656997154254988
1743941758.371565,-1.0982406343541498,3.559561540504941,1.8366520187402235
1743941758.4715652,-1.111315284446114,3.6046719234087097,1.8044975117514543
1743941758.5715652,-1.122464642666708,3.65004945713745,1.7745002666053291
1743941758.6715653,-1.131623023491613,3.6938080229803534,1.7454732146039176
1743941758.7715652,-1.1388198484828216,3.7372830169122433,1.7139516523097011
1743941758.871565,-1.1456415628868484,3.7792445306103066,1.6794636209837983
1743941758.9715652,-1.1505086287667505,3.8243696083305765,1.6501584663368773
1743941759.0715652,-1.153424728333689,3.8687570395119386,1.6191770815492201
1743941759.1715653,-1.1560007610312744,3.9139108955258695,1.590750687046157
1743941759.2715652,-1.157138621601585,3.953811063590962,1.569039598744999
1743941759.371565,-1.156161196501445,3.9883179927539434,1.5547273365425693
1743941759.4715652,-1.1557124216034593,4.018741684611213,1.545350692103363
1743941759.5715652,-1.1549027491680903,4.047081494657122,1.5379004637940876
1743941759.6715653,-1.1540057762884184,4.076149928622921,1.5285662556241086
1743941759.7715652,-1.1526686391822836,4.102952242320558,1.521941656505735
1743941759.871565,-1.1510613636485894,4.130276360829768,1.5130377969441615
1743941759.9715652,-1.1503008863752466,4.1581191567787466,1.5049890255956346
1743941760.0715652,-1.1486858961774578,4.1837282893837475,1.4992372130719807
1743941760.1715653,-1.1466950419278943,4.212220880552178,1.4888234298407754
1743941760.2715652,-1.1442289448828278,4.2391056337664015,1.4804955159239321
1743941760.371565,-1.1415008753245304,4.264782203100246,1.4738329806038537
1743941760.4715652,-1.1386030882542628,4.292539882138639,1.463486815758884
1743941760.5715652,-1.135704226263778,4.319285857283133,1.4557411451916082
1743941760.6715653,-1.1328403751769098,4.3457839568216965,1.4505647768399317
1743941760.7715652,-1.1293217269618783,4.374079963096278,1.4456394485484234
1743941760.871565,-1.1255741357065139,4.400165277631341,1.4367062417604388
1743941760.9715652,-1.1222057149468714,4.425971348656705,1.428629133656372
1743941761.0715652,-1.1190711844805643,4.450037857326509,1.426721800795154
1743941761.1715653,-1.1152301781571434,4.476446656767603,1.4176778782716197
1743941761.2715652,-1.1121442779034785,4.497095328263521,1.4183462906816482
1743941761.371565,-1.108968955540009,4.517030877205677,1.4224450531208899
1743941761.4715652,-1.1062084693331726,4.535493426168,1.4283351226460752
1743941761.5715652,-1.1034618823088906,4.552861513312677,1.4346599495743704
1743941761.6715653,-1.1009133021697077,4.571854789586021,1.4418167250486118
1743941761.7715652,-1.0983275487341004,4.589922961155011,1.4494674241211516
1743941761.871565,-1.0962131634113463,4.609164189368523,1.4544912621417467
1743941761.9715652,-1.0936821544161532,4.628328345670208,1.4573480936154517
1743941762.0715652,-1.091369445385999,4.646837955873422,1.4633310136065232
1743941762.1715653,-1.089787032237181,4.663374042617888,1.4714236699055545
1743941762.2715652,-1.0881039272031443,4.681018663831555,1.4771050632294112
1743941762.371565,-1.0862123868478462,4.700085355691421,1.4825422376054311
1743941762.4715652,-1.0845745359604326,4.717588189655255,1.4860144858235043
1743941762.5715652,-1.0832191574255061,4.735331931595139,1.490967977356888
1743941762.6715653,-1.082007095890869,4.754451557813796,1.493383095598993
1743941762.7715652,-1.080309395801602,4.773168238778976,1.4971554388126276
1743941762.871565,-1.078803762105402,4.792378118883773,1.502441052404512
1743941762.9715652,-1.077533796780015,4.812188003924486,1.5091719330486955
1743941763.0715652,-1.0764883529731128,4.828820513346144,1.5128147313521116
1743941763.1715653,-1.0754700418796563,4.846170145314383,1.518243301144164
1743941763.2715652,-1.0742500007542422,4.867789500145923,1.5124051716951525
1743941763.371565,-1.072643346308925,4.8884306065936745,1.4996893506746614
1743941763.4715652,-1.0711820287046396,4.910133281409946,1.479104131479281
1743941763.5715652,-1.0693592912143055,4.930356566136823,1.46129843866768
1743941763.6715653,-1.066927789592647,4.9519104989798075,1.4441489407353167
1743941763.7715652,-1.0641738875859952,4.971998788564978,1.4263115365473205
1743941763.871565,-1.0612275107096172,4.992462851414288,1.4023543835676675
1743941763.9715652,-1.0574114082735475,5.014615042780888,1.3845758740788676
1743941764.0715652,-1.0538029002460891,5.0357430999715085,1.36589173737199
1743941764.1715653,-1.0497061271272468,5.0562945538129105,1.3436582646751383
1743941764.2715652,-1.0449539821794502,5.077347601596145,1.3233940325817266
1743941764.371565,-1.0393665258929112,5.097751870313161,1.3055156822077796
1743941764.4715652,-1.0342540041968198,5.11881806545406,1.2838095460173962
1743941764.5715652,-1.028282759776583,5.139172182761108,1.2608035737526953
1743941764.6715653,-1.0218766696893247,5.159745956771129,1.2406640902056008
1743941764.7715652,-1.0145967923388475,5.180098247586081,1.2201808303797366
1743941764.871565,-1.0073073906064673,5.2005726949233315,1.1990672604347117
1743941764.9715652,-0.9996380091841442,5.220390675403284,1.1795180903417486
1743941765.0715652,-0.9912312510157417,5.241507518447067,1.1605749882589458
1743941765.1715653,-0.9828858221221396,5.261588248001068,1.1395597418749308
1743941765.2715652,-0.9751309868622973,5.278028402249541,1.1225418338384174
1743941765.371565,-0.9694477346604973,5.289418486706625,1.106778579114165
1743941765.4715652,-0.9653790832373369,5.297207671756984,1.0932008350356934
1743941765.5715652,-0.9636943081326362,5.300623229779433,1.0765259397722875
1743941765.6715653,-0.9617460892549515,5.3041971730282125,1.0617197613272376
1743941765.7715652,-0.9596868540992928,5.307789187803908,1.0455770913288676
1743941765.871565,-0.9571927339774805,5.31231422039357,1.031587476858776
1743941765.9715652,-0.9540136678402125,5.317715073844139,1.0128995265681913
1743941766.0715652,-0.9514478667803921,5.321797838534522,0.9996299769188547
1743941766.1715653,-0.9489148586125372,5.325504390509963,0.9867690367588804
1743941766.2715652,-0.9461670223589004,5.329664740490814,0.9714190274503599
1743941766.371565,-0.9435046358205739,5.333592369427815,0.9536788301821235
1743941766.4715652,-0.9408635049698321,5.337292711585065,0.9374820657344068
1743941766.5715652,-0.9384452662470165,5.340700304043456,0.9223209622965752
1743941766.6715653,-0.9359628198083084,5.343983062554335,0.9095230093345664
1743941766.7715652,-0.9318289330365699,5.34942766909464,0.8905094369984696
1743941766.871565,-0.9287746529605954,5.353228693416791,0.8745950553739432
1743941766.9715652,-0.9261566373295149,5.356369146065081,0.8628922730724533
1743941767.0715652,-0.9227396987026828,5.360408275980164,0.8462935785879945
1743941767.1715653,-0.9197949409178114,5.363745985841412,0.8300019989678927
1743941767.2715652,-0.9127075454808133,5.371533303576116,0.814108584284893
1743941767.371565,-0.9051840431389111,5.379530974139896,0.7955444079482695
1743941767.4715652,-0.8987980711966856,5.386115128686212,0.7788023859586536
1743941767.5715652,-0.8923134073524104,5.392521832655103,0.7641592717766684
1743941767.6715653,-0.8844635369312636,5.39993785268705,0.7468355563794107
1743941767.7715652,-0.8768863606505195,5.407165732117104,0.7307596791254584
1743941767.871565,-0.8689345096409494,5.414014536372909,0.7139562064203633
1743941767.9715652,-0.8615030347108128,5.420284235240671,0.6925512347913712
1743941768.0715652,-0.8548295598122109,5.425821074512726,0.6753567837198926
1743941768.1715653,-0.8446079007425678,5.43397111239279,0.6569442745307011
1743941768.2715652,-0.8357916169128791,5.440663875355679,0.6412614958491222
1743941768.371565,-0.8275190208734868,5.446850728795898,0.623624399679081
1743941768.4715652,-0.8195364060388269,5.452830953303885,0.6035561062231959
1743941768.5715652,-0.8106450044667842,5.458899844462378,0.5860088048638337
1743941768.6715653,-0.8015761011106189,5.464751765857967,0.5672040572386067
1743941768.7715652,-0.7928531581267383,5.470366298299204,0.5522306659632077
1743941768.871565,-0.7854971405943875,5.474998480071375,0.531376558119775
1743941768.9715652,-0.7763131674820155,5.480327605573353,0.5173094491689034
1743941769.0715652,-0.7696519022379141,5.484131320488793,0.5000987482245561
1743941769.1715653,-0.7584790155270419,5.490301477988837,0.4824887090558628
1743941769.2715652,-0.740702728970529,5.499722811377417,0.47625051271325336
1743941769.371565,-0.7178220956098292,5.510956124202242,0.47595997207991936
1743941769.4715652,-0.6963247466605447,5.52199619050243,0.4808227159894362
1743941769.5715652,-0.6732555919400762,5.534591708092641,0.48107685729882016
1743941769.6715653,-0.6498887233625426,5.5463953642537875,0.4833287132790723
1743941769.7715652,-0.6260223506387109,5.558655739328182,0.4817436783658615
1743941769.871565,-0.603345531912814,5.570166350340167,0.4838920198984816
1743941769.9715652,-0.5811817536440813,5.581597892357079,0.4856520499645281
1743941770.0715652,-0.560309476599246,5.592722892732314,0.487983863927168
1743941770.1715653,-0.5386508320759148,5.6048033075597985,0.4904417653810781
1743941770.2715652,-0.516260333395321,5.616463066792244,0.4900277273206072
1743941770.371565,-0.4928517167766388,5.628833590875211,0.4909080085905515
1743941770.4715652,-0.4701099745591241,5.640598112887412,0.4905344774965339
1743941770.5715652,-0.44957309078944824,5.651867176789297,0.4915701646399893
1743941770.6715653,-0.4275565122737276,5.66390048638482,0.49167819020290104
1743941770.7715652,-0.4042268025655448,5.676325522375051,0.49272084104017905
1743941770.871565,-0.3840838081607255,5.687186167081448,0.49326833142882
1743941770.9715652,-0.36295702367219007,5.698173544466214,0.49390731927268716
1743941771.0715652,-0.34168906548270805,5.709173763957282,0.49372263787570553
1743941771.1715653,-0.31902982388142387,5.721859045890702,0.49205658710178424
1743941771.2715652,-0.2923115688128767,5.736834808150156,0.48101727890914514
1743941771.371565,-0.2593584376257331,5.753466633724569,0.46721418087213523
1743941771.4715652,-0.22823936071093892,5.768338762292351,0.45011913507738965
1743941771.5715652,-0.19524177953515912,5.783964891846141,0.4344211931616265
1743941771.6715653,-0.1611840840350546,5.7991313417164125,0.4196262595295768
1743941771.7715652,-0.1280733913434566,5.814246811806894,0.40663582516731056
1743941771.871565,-0.09631110236488351,5.827580312321427,0.394980011890872
1743941771.9715652,-0.06394313700571086,5.841247691132346,0.38292655408690257
1743941772.0715652,-0.03192807156144992,5.8539498989563805,0.369435693676109
1743941772.1715653,0.002313652425862461,5.866850915423576,0.35980524227550453
1743941772.2715652,0.03699671411318403,5.879448524667973,0.3451460161174788
1743941772.371565,0.07078035839900018,5.891975032746039,0.3343470344729428
1743941772.4715652,0.1045777848766419,5.903793963398987,0.32293762669557124
1743941772.5715652,0.13792242089926723,5.915381160394907,0.30740820859268364
1743941772.6715653,0.17293879196503398,5.926374102973142,0.2894181426286977
1743941772.7715652,0.20874288938444835,5.937003268691714,0.2751261027548028
1743941772.871565,0.24387323984306994,5.946736081315317,0.2605874527466216
1743941772.9715652,0.27968019084057105,5.9560805506842796,0.24521579754349282
1743941773.0715652,0.3147199683178497,5.9646729370709295,0.23403149491995737
1743941773.1715653,0.3497901677694298,5.972527756018985,0.22179787460834946
1743941773.2715652,0.38100244670765304,5.979118318478916,0.1985374899223488
1743941773.371565,0.40922244249180817,5.98406464098149,0.17532578868363227
1743941773.4715652,0.4336011976620063,5.98883748905174,0.14896697001655326
1743941773.5715652,0.4569662616509596,5.992469918318345,0.12256027965581075
1743941773.6715653,0.48307337337463296,5.995729661318418,0.09584003457240474
1743941773.7715652,0.5083524165751032,5.998101305099382,0.06777286628794728
1743941773.871565,0.5324522960514407,5.999620953116776,0.03862248199087023
1743941773.9715652,0.5579846569179912,6.000588456773511,0.012480515287489596
1743941774.0715652,0.5854372318273795,6.000927719410939,-0.01480554309982016
1743941774.1715653,0.6115168681517217,6.000771457328422,-0.04094867350631705
1743941774.2715652,0.6369588954573171,5.99942741063477,-0.06603661341110618
1743941774.371565,0.6624632485175538,5.997693202090853,-0.09329613805983748
1743941774.4715652,0.6875945441271388,5.995490142556467,-0.11984746362527153
1743941774.5715652,0.7111522685251287,5.992277430958183,-0.1474273075704049
1743941774.6715653,0.7370881008805429,5.989032052743264,-0.1736364529808841
1743941774.7715652,0.7612757569894081,5.984455187120998,-0.20296877463026314
1743941774.871565,0.7869136224815924,5.979136202148672,-0.2329894976572227
1743941774.9715652,0.8126376652388263,5.973079905085698,-0.2636132392324657
1743941775.0715652,0.8361803263715083,5.967075776145003,-0.2921984649435322
1743941775.1715653,0.8605504415663305,5.95918678634298,-0.31732561989743957
