time,v,w
1743941675.2715652,0.2,0.0
1743941675.371565,0.19803196861083378,0.0037912699448694022
1743941675.4715652,0.20090040503952195,-0.01324159912644849
1743941675.5715652,0.2053214511194966,-0.01620404918429228
1743941675.6715653,0.20518702009196008,0.0035753489907485933
1743941675.7715652,0.21213022907431245,-0.01539007362474866
1743941675.871565,0.18353183891230626,-0.014309040854136718
1743941675.9715652,0.20090528564803684,0.009394222537389241
1743941676.0715652,0.18513611962341797,-0.012320179864852416
1743941676.1715653,0.20030651799368948,-0.008720706913928414
1743941676.2715652,0.20267086648526836,0.0017050365924513953
1743941676.371565,0.20985516800363158,-0.02124562149978014
1743941676.4715652,0.1828533882367213,-0.004342273882742945
1743941676.5715652,0.21634360643647405,-0.0022142046389926986
1743941676.6715653,0.21594565197704865,0.01198892796383983
1743941676.7715652,0.21093151976236685,-0.03998774804863627
1743941676.871565,0.21168794665815774,-0.0014473643634284605
1743941676.9715652,0.1947599983286129,0.004439803120710112
1743941677.0715652,0.19770791643249747,0.013485533463207251
1743941677.1715653,0.21826682868372332,-0.021427254620427612
1743941677.2715652,0.2790555833684459,0.07439071997530511
1743941677.371565,0.33969465063751525,0.1465157285153059
1743941677.4715652,0.38741561240837635,0.24858806773572506
1743941677.5715652,0.3778644456496306,0.3442309935119322
1743941677.6715653,0.37915722653849077,0.476674632734752
1743941677.7715652,0.40099032634798226,0.6048426237881961
1743941677.871565,0.3774358484386822,0.6467659121844119
1743941677.9715652,0.4009089650411406,0.6436492374422866
1743941678.0715652,0.40050269606140276,0.6500278620818374
1743941678.1715653,0.40447809094239745,0.6038589224918554
1743941678.2715652,0.3774080477440026,0.6161084673914021
1743941678.371565,0.3949320034004646,0.6506280999721863
1743941678.4715652,0.38904385716961637,0.6410797262602296
1743941678.5715652,0.3920764426365646,0.6109789456442142
1743941678.6715653,0.3909794379218195,0.6598579687964062
1743941678.7715652,0.4029036527829837,0.6221842256204049
1743941678.871565,0.3963251512312339,0.6849400397121993
1743941678.9715652,0.39810606791738135,0.6599746473865838
1743941679.0715652,0.3889122189990056,0.6389948288577972
1743941679.1715653,0.3761285177555612,0.626427111424758
1743941679.2715652,0.3440947789871246,0.7299863594702702
1743941679.371565,0.34992138845086745,0.7421229702625525
1743941679.4715652,0.3258616247307905,0.7627037388846277
1743941679.5715652,0.3377791513643673,0.7718413821646134
1743941679.6715653,0.33557152645359234,0.7395259276192461
1743941679.7715652,0.3249105288668208,0.7337859186199367
1743941679.871565,0.3431878407790166,0.7343796501693508
1743941679.9715652,0.34055063841656313,0.7281783613707725
1743941680.0715652,0.34444106742567526,0.7299167383547237
1743941680.1715653,0.33776269296618233,0.7552580788167256
1743941680.2715652,0.32915589716595794,0.7191463337882421
1743941680.371565,0.3571062214533802,0.7352556418401264
1743941680.4715652,0.3219794748726494,0.7333484032297838
1743941680.5715652,0.3317468905901163,0.7251389608781348
1743941680.6715653,0.3317287437313992,0.736418284277017
1743941680.7715652,0.3372498783332303,0.7472290086020661
1743941680.871565,0.3572030573347379,0.7533969772344876
1743941680.9715652,0.3404236734671441,0.7545408490631967
1743941681.0715652,0.33681210552482727,0.7612073313935094
1743941681.1715653,0.3422509260053584,0.7561875263379113
1743941681.2715652,0.28844719768144833,0.7837896207823941
1743941681.371565,0.24691152654575593,0.8
1743941681.4715652,0.18917617519962948,0.7855010646945597
1743941681.5715652,0.16355957500869078,0.7765718527452743
1743941681.6715653,0.10557752047604828,0.8
1743941681.7715652,0.06411357073000579,0.7586031629556518
1743941681.871565,0.034619930445613144,0.8
1743941681.9715652,0.05640438886818373,0.7953968831922466
1743941682.0715652,0.04951960102330084,0.7884788997920882
1743941682.1715653,0.05819766456390546,0.7827720124950457
1743941682.2715652,0.06391081465670273,0.8
1743941682.371565,0.04447712124779673,0.8
1743941682.4715652,0.06381772435804864,0.8
1743941682.5715652,0.06439940029228118,0.7805438413813044
1743941682.6715653,0.04945798641652674,0.8
1743941682.7715652,0.07723986402864495,0.7980555002724101
1743941682.871565,0.056494270209887974,0.7537281828123447
1743941682.9715652,0.06180586264594049,0.8
1743941683.0715652,0.04502940792482983,0.7959841055111195
1743941683.1715653,0.047065179387983457,0.8
1743941683.2715652,0.08766717947816449,0.7779046817466192
1743941683.371565,0.09041445177042076,0.799259679511183
1743941683.4715652,0.09733787049165421,0.8
1743941683.5715652,0.11311881902029358,0.8
1743941683.6715653,0.10842804819870794,0.7850401595004218
1743941683.7715652,0.0999279492644084,0.7880544652834187
1743941683.871565,0.10579219215024403,0.7779436409537525
1743941683.9715652,0.10130665348561929,0.8
1743941684.0715652,0.10877381434012937,0.7787124569371087
1743941684.1715653,0.09503356847038144,0.7983004352964717
1743941684.2715652,0.09343713325966582,0.8
1743941684.371565,0.09839466058809794,0.7819805251046565
1743941684.4715652,0.11951890862280894,0.8
1743941684.5715652,0.09484705551896153,0.8
1743941684.6715653,0.09319623535473194,0.8
1743941684.7715652,0.10998664050655722,0.8
1743941684.871565,0.0971198795000264,0.8
1743941684.9715652,0.09643699450555278,0.8
1743941685.0715652,0.09621701513728104,0.7970440778908453
1743941685.1715653,0.09904276156879874,0.7743232512212427
1743941685.2715652,0.10860016669761445,0.6844155190497384
1743941685.371565,0.1077723135360804,0.6256767508430505
1743941685.4715652,0.10124993955832666,0.6480583841068095
1743941685.5715652,0.09728909202706974,0.6027019309525492
1743941685.6715653,0.08878968249434596,0.6179218740534943
1743941685.7715652,0.10289574926916016,0.6818395956948817
1743941685.871565,0.08605723560545767,0.6213315682358492
1743941685.9715652,0.11134347922967244,0.6258300307124768
1743941686.0715652,0.09226779619588535,0.632593263618566
1743941686.1715653,0.07993686890977056,0.6318440986977985
1743941686.2715652,0.10559809017288718,0.6429455043393142
1743941686.371565,0.09326291878561446,0.6398829108075523
1743941686.4715652,0.1047160639312501,0.6213271042329808
1743941686.5715652,0.11345303449237171,0.6038059621234554
1743941686.6715653,0.11247227087073465,0.6668282288766371
1743941686.7715652,0.10432446763350806,0.6456526662039926
1743941686.871565,0.08527033378326099,0.6409674283107871
1743941686.9715652,0.09267331991099917,0.6116022152421273
1743941687.0715652,0.1118973300035672,0.6215161408551686
1743941687.1715653,0.08507741349433254,0.6314455890611883
1743941687.2715652,0.1122441926526606,0.6122980432072086
1743941687.371565,0.10706571384611999,0.6008805029476978
1743941687.4715652,0.10358369509910907,0.5538516440569459
1743941687.5715652,0.08965735699873834,0.5761467974260734
1743941687.6715653,0.10273632524963948,0.6084009662137448
1743941687.7715652,0.09053060291604986,0.5828316990315404
1743941687.871565,0.06967764671709749,0.5807720166133988
1743941687.9715652,0.08233831096958256,0.5951339067933807
1743941688.0715652,0.1025237766524835,0.6146485784877909
1743941688.1715653,0.10328436893645321,0.6093200955164003
1743941688.2715652,0.10465422789607316,0.5800625805834779
1743941688.371565,0.1001285801625336,0.5765940294887476
1743941688.4715652,0.07428206886474639,0.5719076500080226
1743941688.5715652,0.10667782136184531,0.5907014889964838
1743941688.6715653,0.10356128714445449,0.587463513020094
1743941688.7715652,0.11530960245084265,0.5892711002556084
1743941688.871565,0.09162596006783635,0.5694231266022521
1743941688.9715652,0.09575884549469252,0.5891641602469848
1743941689.0715652,0.08907581075283792,0.5960585844078954
1743941689.1715653,0.09208692755128224,0.5948038668528282
1743941689.2715652,0.10521835444279053,0.46483119159848063
1743941689.371565,0.11010793271780708,0.35065149233533965
1743941689.4715652,0.08562896772496259,0.2332261489489404
1743941689.5715652,0.09334278570892648,0.11498939340903408
1743941689.6715653,0.09602374585451083,0.015878077531109952
1743941689.7715652,0.08869815358369099,-0.08169030658682479
1743941689.871565,0.09074963179095132,-0.16778941605947106
1743941689.9715652,0.10509479008813762,-0.2771679064952355
1743941690.0715652,0.08643482174377472,-0.3685672076235013
1743941690.1715653,0.10575860501851833,-0.4590622021794012
1743941690.2715652,0.09304111920085434,-0.5647712002531725
1743941690.371565,0.10715807040585476,-0.6427451070224767
1743941690.4715652,0.09239789166787118,-0.6793198499442995
1743941690.5715652,0.10194175849871408,-0.666188053862801
1743941690.6715653,0.1000956112810108,-0.6334140089817644
1743941690.7715652,0.09063301764375449,-0.6407753411388959
1743941690.871565,0.10522874203692698,-0.6503480648924875
1743941690.9715652,0.0962185445665605,-0.64249767935813
1743941691.0715652,0.09179236558913925,-0.6511157163297728
1743941691.1715653,0.1010354037540927,-0.6440740333085376
1743941691.2715652,0.11446447769512788,-0.7619317333819433
1743941691.371565,0.1059312352622955,-0.8
1743941691.4715652,0.0905297314183336,-0.7980985158324554
1743941691.5715652,0.09512114906817634,-0.8
1743941691.6715653,0.09558546682658761,-0.7849543876014553
1743941691.7715652,0.10899948227867447,-0.7959531711753755
1743941691.871565,0.1074646445686262,-0.7671432288208375
1743941691.9715652,0.09826358157630981,-0.7762284097323796
1743941692.0715652,0.11805636599521808,-0.7705964036631132
1743941692.1715653,0.10041087463251956,-0.8
1743941692.2715652,0.10923957351337439,-0.794320705779204
1743941692.371565,0.10425421108172638,-0.7954336849561486
1743941692.4715652,0.11984333812528411,-0.7836257844787594
1743941692.5715652,0.08325094456629986,-0.8
1743941692.6715653,0.09226433369680707,-0.7694286848976655
1743941692.7715652,0.11449663911013483,-0.8
1743941692.871565,0.1044308473759015,-0.773898831666748
1743941692.9715652,0.09120607957187515,-0.8
1743941693.0715652,0.10752115143948655,-0.8
1743941693.1715653,0.10001002734779307,-0.8
1743941693.2715652,0.09295295003144141,-0.7547557557236275
1743941693.371565,0.10388743879430527,-0.639008285699813
1743941693.4715652,0.08110029052627124,-0.5665783048582503
1743941693.5715652,0.10178905176284844,-0.45743052686299507
1743941693.6715653,0.08666057014312849,-0.3847498046989816
1743941693.7715652,0.09903688229034999,-0.3040080365288283
1743941693.871565,0.10779122281458403,-0.18086082467130132
1743941693.9715652,0.10412360047559385,-0.10292436501416503
1743941694.0715652,0.11778591688110016,0.01767997088994544
1743941694.1715653,0.10514591859120431,0.08132706579219341
1743941694.2715652,0.0943611815689461,0.18285562696488578
1743941694.371565,0.09978822869665521,0.287419228362115
1743941694.4715652,0.09026453345750068,0.37042601278532516
1743941694.5715652,0.09053843070802568,0.48432340676782204
1743941694.6715653,0.10196686014067942,0.6251311438604857
1743941694.7715652,0.11733364582824007,0.6366532764480818
1743941694.871565,0.11172680760390179,0.6258481579787564
1743941694.9715652,0.08833162832199357,0.6247294536833674
1743941695.0715652,0.10396611220353837,0.6127556933021326
1743941695.1715653,0.09952543430381414,0.6553422113505232
1743941695.2715652,0.09140218454347218,0.546324136959184
1743941695.371565,0.09676370645692835,0.4437585659240911
1743941695.4715652,0.11041619735331976,0.42116612071182
1743941695.5715652,0.09604430073492556,0.4028908504140791
1743941695.6715653,0.0909182606719017,0.4085401288484614
1743941695.7715652,0.10413666410485795,0.38394894230954546
1743941695.871565,0.08747686258091658,0.3877436923578005
1743941695.9715652,0.09968980673123876,0.3868702275191017
1743941696.0715652,0.08860514616198066,0.43795216140027854
1743941696.1715653,0.10906222695433025,0.37855913513638184
1743941696.2715652,0.103300509738558,0.3691981422649487
1743941696.371565,0.09911459445990654,0.41587953325035365
1743941696.4715652,0.09176143684310673,0.3890233950757491
1743941696.5715652,0.1095661353532267,0.3653825754446247
1743941696.6715653,0.11136755608657616,0.3816084557112554
1743941696.7715652,0.10495626208581264,0.41536027681002763
1743941696.871565,0.09480927787111908,0.3886457336461434
1743941696.9715652,0.10287681297132484,0.3990558783673547
1743941697.0715652,0.09198676478014237,0.40398710179041475
1743941697.1715653,0.10207637582914764,0.40863264692126394
1743941697.2715652,0.116175283364016,0.28826069566316315
1743941697.371565,0.12068925008872605,0.31481935186213317
1743941697.4715652,0.11399508010856407,0.2713342470717027
1743941697.5715652,0.08147827693582146,0.2735476950452341
1743941697.6715653,0.1075389202234446,0.3160566389133177
1743941697.7715652,0.0922034898450681,0.30039406663300106
1743941697.871565,0.09288476600267283,0.3033917493630778
1743941697.9715652,0.11533448876351296,0.2810280312992922
1743941698.0715652,0.09818603685063651,0.325593159019009
1743941698.1715653,0.09391613259692855,0.26566192978304226
1743941698.2715652,0.10208161976239505,0.32143952056503095
1743941698.371565,0.08900885750659251,0.267288352652711
1743941698.4715652,0.10080368767549566,0.2700547690427633
1743941698.5715652,0.07929521171709492,0.28787864353296516
1743941698.6715653,0.10601354915182083,0.30816496300361595
1743941698.7715652,0.11011951977081437,0.2843277017278159
1743941698.871565,0.10076007806799733,0.3091968313212852
1743941698.9715652,0.11056322255084583,0.298350122844673
1743941699.0715652,0.09238264499926302,0.3103130729882031
1743941699.1715653,0.09676018444157701,0.2958590497733294
1743941699.2715652,0.12427024823319369,0.38294300484501964
1743941699.371565,0.10565926590912249,0.4561746157296723
1743941699.4715652,0.09577640488656702,0.4924655158451294
1743941699.5715652,0.10400257554820719,0.4554933369850781
1743941699.6715653,0.0880936767203746,0.45737170975314284
1743941699.7715652,0.12506933059875125,0.4639161037302505
1743941699.871565,0.0943051099788651,0.4646370866227396
1743941699.9715652,0.11094365112220894,0.4495349663954687
1743941700.0715652,0.10887178160610797,0.46469664403620164
1743941700.1715653,0.10238566843211562,0.44462317114983535
1743941700.2715652,0.10013962370249707,0.47312347014838235
1743941700.371565,0.08357695262178422,0.45117549022923037
1743941700.4715652,0.09048674384534575,0.44637241002302275
1743941700.5715652,0.08221628955765568,0.45219677180009177
1743941700.6715653,0.09717677768489036,0.4424317900403253
1743941700.7715652,0.09679494193497841,0.5008182196032961
1743941700.871565,0.11701781344058963,0.46631516954151336
1743941700.9715652,0.10971154081869892,0.45630814409790704
1743941701.0715652,0.10459511699979947,0.4642012813348762
1743941701.1715653,0.0780432594946667,0.44774307385070433
1743941701.2715652,0.13641385596831787,0.5427109976824742
1743941701.371565,0.1579933395704969,0.6688511007228064
1743941701.4715652,0.13276963001805195,0.6219796644444272
1743941701.5715652,0.15393823316288993,0.6529375026905866
1743941701.6715653,0.1406406824411744,0.6357276739165056
1743941701.7715652,0.15031557860312422,0.6320860037400816
1743941701.871565,0.15266347994809515,0.6503873634736393
1743941701.9715652,0.14542249195649828,0.6562693409786593
1743941702.0715652,0.1430026360196043,0.7091018008601623
1743941702.1715653,0.14730744406577664,0.6863440898888942
1743941702.2715652,0.159148924158858,0.648449882854079
1743941702.371565,0.14544928061633183,0.6361883809066999
1743941702.4715652,0.13423155154570596,0.6387508577192929
1743941702.5715652,0.14437128129631788,0.6507782322950808
1743941702.6715653,0.1352116276276845,0.6029395084771876
1743941702.7715652,0.1424557678086913,0.6764128144937356
1743941702.871565,0.14320578557729013,0.6491947025487907
1743941702.9715652,0.1338336484750158,0.6276830431633371
1743941703.0715652,0.15582104116439968,0.6475381221138881
1743941703.1715653,0.1508019006881557,0.6674310912459405
1743941703.2715652,0.19738960872280245,0.6395293071772351
1743941703.371565,0.24433907654726383,0.6198865091519158
1743941703.4715652,0.27916446751109053,0.6396368498555169
1743941703.5715652,0.2940033419218662,0.6266232081446933
1743941703.6715653,0.2654664292609236,0.6456540942863552
1743941703.7715652,0.26507747267886245,0.6564541323243099
1743941703.871565,0.29889626290646887,0.6405552110687017
1743941703.9715652,0.2887087409219501,0.6289536316792601
1743941704.0715652,0.27478940118926565,0.6672618764276006
1743941704.1715653,0.29566725426007195,0.6370150943709162
1743941704.2715652,0.2690503786284391,0.6349074863102531
1743941704.371565,0.2812744399196274,0.6235651690232539
1743941704.4715652,0.2776409127523087,0.6637060627626172
1743941704.5715652,0.27532312991722946,0.6483293526441098
1743941704.6715653,0.2817529772701519,0.6836615756265512
1743941704.7715652,0.28764818443183876,0.6308829842395707
1743941704.871565,0.28197509892624606,0.6691385811873245
1743941704.9715652,0.2818194401970565,0.6167309251146097
1743941705.0715652,0.2748604675467586,0.6450952217261238
1743941705.1715653,0.287822467994264,0.6665479286692958
1743941705.2715652,0.289678985683444,0.7900926160007069
1743941705.371565,0.26274087288050046,0.8
1743941705.4715652,0.2844753697191379,0.7984251208421027
1743941705.5715652,0.28513427255037216,0.7840700316418756
1743941705.6715653,0.25657448625641904,0.7723491952682398
1743941705.7715652,0.2863687403781774,0.8
1743941705.871565,0.30033032060328957,0.7755572390760865
1743941705.9715652,0.2899861353079446,0.7698206460085244
1743941706.0715652,0.28177493349779686,0.8
1743941706.1715653,0.2871208775139345,0.8
1743941706.2715652,0.25956668466699534,0.7875322408917377
1743941706.371565,0.2787209270630744,0.7938621503717919
1743941706.4715652,0.2802522840719895,0.7715403843048563
1743941706.5715652,0.271601778424603,0.8
1743941706.6715653,0.2834420984151646,0.8
1743941706.7715652,0.2768482081933243,0.8
1743941706.871565,0.2831198962270245,0.8
1743941706.9715652,0.30453907908222644,0.7917857013329591
1743941707.0715652,0.28219459013680065,0.7917615954124922
1743941707.1715653,0.28533757022957146,0.8
1743941707.2715652,0.2818768649719514,0.8
1743941707.371565,0.2728275503538105,0.8
1743941707.4715652,0.268423712411362,0.7935858906531909
1743941707.5715652,0.269279293738707,0.8
1743941707.6715653,0.2565453899832538,0.8
1743941707.7715652,0.27554507521253474,0.7901167809164245
1743941707.871565,0.27939119935033085,0.7890089659708668
1743941707.9715652,0.2875794599709123,0.8
1743941708.0715652,0.2674970401290297,0.8
1743941708.1715653,0.27733578144807036,0.8
1743941708.2715652,0.2810477409154755,0.8
1743941708.371565,0.2800063014786819,0.8
1743941708.4715652,0.2632508713315275,0.7961785379161489
1743941708.5715652,0.26846052777944396,0.8
1743941708.6715653,0.2654992237819048,0.8
1743941708.7715652,0.28547805713650876,0.7833690564999478
1743941708.871565,0.2649439685147816,0.8
1743941708.9715652,0.2876689300855695,0.8
1743941709.0715652,0.269808762900844,0.7586903318581676
1743941709.1715653,0.2722588855039278,0.8
1743941709.2715652,0.317016154268249,0.8
1743941709.371565,0.3566902643893118,0.8
1743941709.4715652,0.43086015330025984,0.7936959383029829
1743941709.5715652,0.45044473828479376,0.8
1743941709.6715653,0.4497980615581564,0.8
1743941709.7715652,0.4520689985852773,0.7969348930732061
1743941709.871565,0.43403100169440384,0.8
1743941709.9715652,0.45306800418226606,0.8
1743941710.0715652,0.4442449104371271,0.8
1743941710.1715653,0.46223257735722345,0.8
1743941710.2715652,0.45439854126334944,0.8
1743941710.371565,0.44294975726013697,0.8
1743941710.4715652,0.4608085213258329,0.7910417433525244
1743941710.5715652,0.4481974481151345,0.8
1743941710.6715653,0.47026537836765436,0.7853685330509231
1743941710.7715652,0.44249208387373407,0.8
1743941710.871565,0.4608221868286178,0.8
1743941710.9715652,0.4687111561460324,0.8
1743941711.0715652,0.44459581864645276,0.8
1743941711.1715653,0.4580840564081185,0.7994770566001401
1743941711.2715652,0.42177712609127066,0.7200281710923877
1743941711.371565,0.3634302084310017,0.6436132047599101
1743941711.4715652,0.36559837473966716,0.6484532421982366
1743941711.5715652,0.3850786721309485,0.6290983296603186
1743941711.6715653,0.37129305580800315,0.6443617226977157
1743941711.7715652,0.35716712065021355,0.6576447117383486
1743941711.871565,0.39208642918547504,0.6299321120427904
1743941711.9715652,0.39062813746000163,0.598765947561643
1743941712.0715652,0.37063509785372445,0.6287451269981045
1743941712.1715653,0.3853205958984846,0.6444239722650565
1743941712.2715652,0.3763114647648537,0.6442154257276704
1743941712.371565,0.3823630591499241,0.6365355023572022
1743941712.4715652,0.3679260531177274,0.6303693096112456
1743941712.5715652,0.39093354602457636,0.6566390474725048
1743941712.6715653,0.39081465186444647,0.6267621788408331
1743941712.7715652,0.3912650466975153,0.6768451168784799
1743941712.871565,0.36190664602193906,0.6614140883639127
1743941712.9715652,0.3797127792436451,0.6559038839364132
1743941713.0715652,0.3640346509242997,0.6210708535909628
1743941713.1715653,0.3863404520583826,0.6575529982655131
1743941713.2715652,0.43787281183056787,0.642883092441137
1743941713.371565,0.4711634105237351,0.6336395799863893
1743941713.4715652,0.5157299367015895,0.6495770755311354
1743941713.5715652,0.5049660968031622,0.6588924323775309
1743941713.6715653,0.5001720572353245,0.636092995758875
1743941713.7715652,0.4974201149399532,0.6295751965934244
1743941713.871565,0.5201402945690702,0.6458332178816819
1743941713.9715652,0.5022280728904851,0.6104646593644438
1743941714.0715652,0.4967567225803674,0.5899883906533345
1743941714.1715653,0.4976135317572773,0.6463847389914817
1743941714.2715652,0.49399862238377684,0.6257315709338255
1743941714.371565,0.5181540470431268,0.6281175754654099
1743941714.4715652,0.5084535799488256,0.6298974258349052
1743941714.5715652,0.5075587240273143,0.6248579362003374
1743941714.6715653,0.5168024820434532,0.6009548872262568
1743941714.7715652,0.5062046971804021,0.6251034820118885
1743941714.871565,0.511967491320131,0.6097133548365028
1743941714.9715652,0.5021139686021191,0.5895822058407606
1743941715.0715652,0.5054512140183299,0.6156215432740278
1743941715.1715653,0.5069994794710133,0.6013496257402002
1743941715.2715652,0.4620121894855242,0.5031104601488171
1743941715.371565,0.4624073564514794,0.42224126451183736
1743941715.4715652,0.44646291898597046,0.42372732011611836
1743941715.5715652,0.4834753001178916,0.46027336307403866
1743941715.6715653,0.4550057960624655,0.41660684653984226
1743941715.7715652,0.44007652371122985,0.40659907027940717
1743941715.871565,0.47040028669038897,0.4479119812613028
1743941715.9715652,0.45856248819147527,0.4492262348741501
1743941716.0715652,0.4763479287244073,0.4692052219827173
1743941716.1715653,0.4518976505661305,0.44598725188950444
1743941716.2715652,0.48294654689827776,0.431829921157982
1743941716.371565,0.4604301703827937,0.4751852112373346
1743941716.4715652,0.47851536092625513,0.42637694065103965
1743941716.5715652,0.45673074292553906,0.5085731959512162
1743941716.6715653,0.45520735789575467,0.4451413056063661
1743941716.7715652,0.472835537472657,0.507336801254811
1743941716.871565,0.4597765650122968,0.4408191415174882
1743941716.9715652,0.46381071568900434,0.4361516469248836
1743941717.0715652,0.46620071244323225,0.44859213610597126
1743941717.1715653,0.46874965349961145,0.42168859630777533
1743941717.2715652,0.5302475168989185,0.3278279752360303
1743941717.371565,0.5735052946510523,0.26185415827779046
1743941717.4715652,0.5759220971298835,0.30628583429379097
1743941717.5715652,0.5849989005268607,0.24898696148330912
1743941717.6715653,0.6,0.26790782091541593
1743941717.7715652,0.5955872253953634,0.23598300271410094
1743941717.871565,0.5972984169945048,0.25281349180728274
1743941717.9715652,0.5943238253602643,0.23542091621656616
1743941718.0715652,0.5868965862738728,0.2840035063255066
1743941718.1715653,0.6,0.23669147159663798
1743941718.2715652,0.6,0.2361551169146739
1743941718.371565,0.5947157856710509,0.27229420720983877
1743941718.4715652,0.6,0.2672132126073203
1743941718.5715652,0.5956633877986766,0.2660900922122511
1743941718.6715653,0.5994898456673483,0.24684690327358638
1743941718.7715652,0.590349437609423,0.23797586169475216
1743941718.871565,0.5907541421508705,0.27545700310392013
1743941718.9715652,0.5968634839061073,0.2957425473909721
1743941719.0715652,0.5930208825945076,0.24529139226377894
1743941719.1715653,0.6,0.2649979306129162
1743941719.2715652,0.5498571226269743,0.31869177005483806
1743941719.371565,0.5057937114250346,0.30966738638886104
1743941719.4715652,0.44946549155653875,0.26765502676254005
1743941719.5715652,0.42455920853103263,0.2929186309899048
1743941719.6715653,0.39813773088867777,0.263172423524455
1743941719.7715652,0.4386280303942546,0.28041856777209584
1743941719.871565,0.4067386502514165,0.3510340646838618
1743941719.9715652,0.4179055314485141,0.3010475468771345
1743941720.0715652,0.4398719061954985,0.2910453302687835
1743941720.1715653,0.42346780159983594,0.2984284758620384
1743941720.2715652,0.4202416372928076,0.29582038258043114
1743941720.371565,0.4169417793674557,0.3161663783071332
1743941720.4715652,0.40943669155478696,0.31869292035060903
1743941720.5715652,0.42514497558918046,0.3140407382795893
1743941720.6715653,0.4163176372672803,0.2749403245382358
1743941720.7715652,0.42205280645207305,0.302632123965533
1743941720.871565,0.4142196865985649,0.31241513316637765
1743941720.9715652,0.412848129861489,0.30632935058403754
1743941721.0715652,0.4143311056690946,0.33091667840507294
1743941721.1715653,0.42299881745146384,0.31527459689997844
1743941721.2715652,0.46902935655766903,0.39047905024252316
1743941721.371565,0.5090897445854731,0.3815767001716059
1743941721.4715652,0.5518810430677901,0.3977845464184293
1743941721.5715652,0.6,0.4126888252846838
1743941721.6715653,0.6,0.3791079463615632
1743941721.7715652,0.6,0.42545966106997724
1743941721.871565,0.5834473655421522,0.3594407487616259
1743941721.9715652,0.5972969048222652,0.3854209246470704
1743941722.0715652,0.5786997724420376,0.37456039105626365
1743941722.1715653,0.5929291804472242,0.4088017518166252
1743941722.2715652,0.5996520828460974,0.39165950951897516
1743941722.371565,0.5842145272392686,0.36931154448958436
1743941722.4715652,0.5947680189479304,0.4091856748922646
1743941722.5715652,0.6,0.37605826988733376
1743941722.6715653,0.5817593798991935,0.4106038001746852
1743941722.7715652,0.5883252195406219,0.3868710994259172
1743941722.871565,0.6,0.368955186062272
1743941722.9715652,0.5900742644690739,0.3835950651752674
1743941723.0715652,0.5908104609811359,0.3831282180129594
1743941723.1715653,0.5810356558148426,0.396277343071473
1743941723.2715652,0.518147345592961,0.2804319234926749
1743941723.371565,0.5029967056894338,0.2136592705179074
1743941723.4715652,0.49133410653716114,0.09589551720743705
1743941723.5715652,0.49457400049449524,-0.0030324349268996686
1743941723.6715653,0.4989707624736307,-0.10178100583194753
1743941723.7715652,0.5027002864609633,-0.1687910341083934
1743941723.871565,0.5104480710724352,-0.2765489106664196
1743941723.9715652,0.5063142135247116,-0.3582601688186796
1743941724.0715652,0.48567140523242636,-0.4615294902313197
1743941724.1715653,0.4976827469349188,-0.5452234283211187
1743941724.2715652,0.5003321897053002,-0.663998658024869
1743941724.371565,0.4987916401360218,-0.6239483348997966
1743941724.4715652,0.5098447557555642,-0.670995726681858
1743941724.5715652,0.4936698497662729,-0.6174833546887255
1743941724.6715653,0.5208353758719642,-0.6437396966219715
1743941724.7715652,0.496250228020141,-0.6173349964553009
1743941724.871565,0.4936632010451436,-0.6553844154508672
1743941724.9715652,0.5004363519740791,-0.6429487025088478
1743941725.0715652,0.4880125482381566,-0.6615355474790992
1743941725.1715653,0.5057880764063071,-0.6254658950316992
1743941725.2715652,0.438670887295858,-0.7237359342228288
1743941725.371565,0.4009213353564738,-0.7980499991043316
1743941725.4715652,0.34156938233196144,-0.7779346766797685
1743941725.5715652,0.28380665416302625,-0.8
1743941725.6715653,0.22717934411243587,-0.8
1743941725.7715652,0.20356275051529724,-0.7938171391456157
1743941725.871565,0.15304961163643244,-0.8
1743941725.9715652,0.12523961627581826,-0.8
1743941726.0715652,0.06852959755289051,-0.7770263559036656
1743941726.1715653,0.045440210393833204,-0.7804815641928757
1743941726.2715652,0.068697665212079,-0.8
1743941726.371565,0.03836257945137057,-0.8
1743941726.4715652,0.03615898735494821,-0.7673319472213286
1743941726.5715652,0.05530395671940838,-0.8
1743941726.6715653,0.04360598683098647,-0.8
1743941726.7715652,0.04098876226609421,-0.8
1743941726.871565,0.06079881182325897,-0.8
1743941726.9715652,0.045405035332107525,-0.8
1743941727.0715652,0.050228585780001805,-0.8
1743941727.1715653,0.0483737841900332,-0.7988550398314841
1743941727.2715652,0.10769489504408773,-0.685980951536676
1743941727.371565,0.1537508426207361,-0.563093896955387
1743941727.4715652,0.17821185441287316,-0.5601094552781516
1743941727.5715652,0.17686000723574885,-0.5188556733309513
1743941727.6715653,0.18110240963047983,-0.5333528304711924
1743941727.7715652,0.177264479168632,-0.5931342434932194
1743941727.871565,0.19581527378027386,-0.5305526248718336
1743941727.9715652,0.1781024944026371,-0.5148789330932183
1743941728.0715652,0.19395302691273714,-0.5642015029457305
1743941728.1715653,0.16743968188592684,-0.5147508990751801
1743941728.2715652,0.18448507368217656,-0.5008796595619343
1743941728.371565,0.1878962669083759,-0.5298048714894694
1743941728.4715652,0.17545210475690814,-0.5428403017553016
1743941728.5715652,0.1746478428111123,-0.5711875398718589
1743941728.6715653,0.19281225399780108,-0.5277610758290633
1743941728.7715652,0.17763775049941957,-0.5838931369277081
1743941728.871565,0.19643231009354664,-0.5136696629223706
1743941728.9715652,0.20098637891397456,-0.5299162524397768
1743941729.0715652,0.18901121612465224,-0.5355545151626966
1743941729.1715653,0.18843882835922685,-0.5673899476557887
1743941729.2715652,0.146455494430964,-0.6875876709978263
1743941729.371565,0.08790447363400322,-0.8
1743941729.4715652,0.028351189773073868,-0.8
1743941729.5715652,0.04318044513454048,-0.7791007186133586
1743941729.6715653,0.06533353725535015,-0.7446163495899211
1743941729.7715652,0.0361546327217897,-0.8
1743941729.871565,0.04873084145371352,-0.7878132851610389
1743941729.9715652,0.03800708857043716,-0.8
1743941730.0715652,0.045839020141113976,-0.794184357652937
1743941730.1715653,0.051413616373420484,-0.7734716382992499
1743941730.2715652,0.034083084503974806,-0.766511892567324
1743941730.371565,0.03665990043245035,-0.8
1743941730.4715652,0.06468317881389969,-0.7805766009358343
1743941730.5715652,0.05364776974786124,-0.8
1743941730.6715653,0.04576999847773336,-0.8
1743941730.7715652,0.06937044654255434,-0.8
1743941730.871565,0.04174794440449872,-0.7755024943022275
1743941730.9715652,0.03397612401140883,-0.7812202116210907
1743941731.0715652,0.05336001875716036,-0.7769140950245184
1743941731.1715653,0.04735416790723963,-0.7983271745329246
1743941731.2715652,0.0867201216082468,-0.7947226395896406
1743941731.371565,0.0984408510593862,-0.7817767869940749
1743941731.4715652,0.09406395125612792,-0.8
1743941731.5715652,0.09443204578903908,-0.789682017351369
1743941731.6715653,0.12228300505940576,-0.8
1743941731.7715652,0.09366195908916215,-0.8
1743941731.871565,0.11422761728045835,-0.8
1743941731.9715652,0.09517906133314277,-0.8
1743941732.0715652,0.09591133125617377,-0.8
1743941732.1715653,0.09255299730248202,-0.8
1743941732.2715652,0.09971530988766786,-0.8
1743941732.371565,0.09428872726400364,-0.7910351606484689
1743941732.4715652,0.09908339615707347,-0.7736027064585803
1743941732.5715652,0.09530759615166805,-0.7943116396411308
1743941732.6715653,0.09878482197768676,-0.7729122343418519
1743941732.7715652,0.10080589336110957,-0.8
1743941732.871565,0.11084809887760493,-0.8
1743941732.9715652,0.09755494654118861,-0.7990241513786086
1743941733.0715652,0.10508789348834019,-0.8
1743941733.1715653,0.10199188166190268,-0.8
1743941733.2715652,0.09478763157620751,-0.7516331334653025
1743941733.371565,0.07642809289743857,-0.766081049138204
1743941733.4715652,0.10214678794393645,-0.7861555584738431
1743941733.5715652,0.10241215021085279,-0.7438910794538751
1743941733.6715653,0.09252025305876964,-0.725175101791771
1743941733.7715652,0.09417790640631228,-0.7779023658616523
1743941733.871565,0.1118909268706687,-0.763564694807497
1743941733.9715652,0.0984538844102649,-0.7361455742405283
1743941734.0715652,0.1001132643279507,-0.7644265775465994
1743941734.1715653,0.0956579504425814,-0.72797515662448
1743941734.2715652,0.12370241626231632,-0.7526002944865419
1743941734.371565,0.10699641006466329,-0.7189180479868378
1743941734.4715652,0.0828736335840722,-0.731058732197
1743941734.5715652,0.11119838022554507,-0.7217155723550269
1743941734.6715653,0.09105979200467162,-0.7693099576411413
1743941734.7715652,0.08965435896271197,-0.7312390320329922
1743941734.871565,0.10844494168617504,-0.7329042482434815
1743941734.9715652,0.07704659826749086,-0.7510601011840463
1743941735.0715652,0.10250867461649235,-0.7295530603060614
1743941735.1715653,0.08965185034891046,-0.7465059018878617
1743941735.2715652,0.11403537697248901,-0.632937809153851
1743941735.371565,0.13385613791348402,-0.679308989977141
1743941735.4715652,0.13492177132911035,-0.6814723545605949
1743941735.5715652,0.12819782167020058,-0.6774971612085857
1743941735.6715653,0.13213591640616532,-0.6718767997656698
1743941735.7715652,0.1348669155326648,-0.682370835815934
1743941735.871565,0.13842233055504483,-0.662476609976156
1743941735.9715652,0.1302188139133432,-0.6885431080185015
1743941736.0715652,0.12028725697676382,-0.6469393615936019
1743941736.1715653,0.11709016130486744,-0.6600477044403371
1743941736.2715652,0.13542047521642403,-0.6665850863954655
1743941736.371565,0.13453664468421797,-0.682500083638499
1743941736.4715652,0.1401412318593742,-0.6735883767369171
1743941736.5715652,0.13034482729404895,-0.6833277192219259
1743941736.6715653,0.1484420693107666,-0.6075764894613922
1743941736.7715652,0.13338860857444093,-0.6807443689385287
1743941736.871565,0.13943784160743022,-0.6776249612503067
1743941736.9715652,0.13990660883287204,-0.6752691305361778
1743941737.0715652,0.13127788691717795,-0.7083965098978855
1743941737.1715653,0.111048929427276,-0.6736596690148094
1743941737.2715652,0.1603328824798692,-0.6129046629110666
1743941737.371565,0.1952359550715848,-0.5187993612974446
1743941737.4715652,0.25084812935691736,-0.43582952049919543
1743941737.5715652,0.2959920254511671,-0.43355085710695873
1743941737.6715653,0.3030864424755597,-0.4494808101188961
1743941737.7715652,0.2953345299668918,-0.4609285889103933
1743941737.871565,0.28790491645476546,-0.4547006564297307
1743941737.9715652,0.2984510312243325,-0.4150856738263708
1743941738.0715652,0.2861029936379554,-0.4524664586777336
1743941738.1715653,0.29620393974769144,-0.4687920412976602
1743941738.2715652,0.28519559752576185,-0.4592300699740171
1743941738.371565,0.2973629986090209,-0.43601441322231066
1743941738.4715652,0.29269798062995167,-0.42708483971028405
1743941738.5715652,0.31627114863925215,-0.46687981842817333
1743941738.6715653,0.3075907923102936,-0.4693552399223714
1743941738.7715652,0.2884986990242798,-0.4354394565996008
1743941738.871565,0.28986916873173396,-0.45039935867933684
1743941738.9715652,0.30502532436900215,-0.456046852036142
1743941739.0715652,0.28666768144524435,-0.402990985367752
1743941739.1715653,0.29114731294883744,-0.4624902443389619
1743941739.2715652,0.3387149779886724,-0.3410418855559268
1743941739.371565,0.38901301372405017,-0.2570560417119445
1743941739.4715652,0.4223379892597045,-0.16104971963315234
1743941739.5715652,0.4688093445309733,-0.18021489637901283
1743941739.6715653,0.4962523475726861,-0.19649982576226435
1743941739.7715652,0.4936030141753368,-0.17474380231318618
1743941739.871565,0.4808439643125508,-0.1679206153604481
1743941739.9715652,0.4914196554348807,-0.15713935277202293
1743941740.0715652,0.47759930162904035,-0.14939337017948992
1743941740.1715653,0.48355096623983324,-0.17118443362718935
1743941740.2715652,0.49025332354782747,-0.17909984136499318
1743941740.371565,0.49171472155457613,-0.1829348754403744
1743941740.4715652,0.48461242757786627,-0.16220891845209
1743941740.5715652,0.48522468588812445,-0.17591775504344068
1743941740.6715653,0.5029916199339333,-0.17894239370009318
1743941740.7715652,0.4879403404533678,-0.20562255918076122
1743941740.871565,0.48654105330012554,-0.17549475314802576
1743941740.9715652,0.4974967515116776,-0.1564457487771652
1743941741.0715652,0.48971918279804666,-0.2164945529478527
1743941741.1715653,0.4700014967659591,-0.1820453251294758
1743941741.2715652,0.517925935769111,-0.2624095336315365
1743941741.371565,0.5770039064358543,-0.3696099105859423
1743941741.4715652,0.5989020261980328,-0.44167448215830046
1743941741.5715652,0.6,-0.5115748503407748
1743941741.6715653,0.6,-0.4442614513071772
1743941741.7715652,0.5975358820709976,-0.4156139599465978
1743941741.871565,0.5892327697574468,-0.462301884065145
1743941741.9715652,0.6,-0.4598236926772275
1743941742.0715652,0.5935757623733067,-0.48130784416112643
1743941742.1715653,0.5803011828512933,-0.46736905948675567
1743941742.2715652,0.6,-0.44020792263295966
1743941742.371565,0.5859893615089969,-0.45197241556516854
1743941742.4715652,0.6,-0.46265560301315417
1743941742.5715652,0.5893836936211908,-0.42378258410649394
1743941742.6715653,0.5884061279428445,-0.4272410148964091
1743941742.7715652,0.6,-0.4581182347721363
1743941742.871565,0.5915797956454079,-0.47473014969664207
1743941742.9715652,0.5924334279724465,-0.4534841204525302
1743941743.0715652,0.5890928868727757,-0.4868178415011883
1743941743.1715653,0.6,-0.4579046251338669
1743941743.2715652,0.6,-0.3686438237480164
1743941743.371565,0.5711836227863438,-0.2837480107233092
1743941743.4715652,0.6,-0.1726660977880904
1743941743.5715652,0.5835270770546054,-0.10507556084250669
1743941743.6715653,0.5986765726582856,-0.16226420332759903
1743941743.7715652,0.5788715296570388,-0.18111735161688788
1743941743.871565,0.5996295042904158,-0.14121136278351354
1743941743.9715652,0.6,-0.15006536173920873
1743941744.0715652,0.6,-0.17211030936819732
1743941744.1715653,0.6,-0.14451692700244298
1743941744.2715652,0.5965939891436775,-0.14051164730741195
1743941744.371565,0.5882552593916465,-0.16808384067662827
1743941744.4715652,0.6,-0.18329456302964642
1743941744.5715652,0.6,-0.18535501038213026
1743941744.6715653,0.6,-0.16868986507593978
1743941744.7715652,0.6,-0.15618652514403253
1743941744.871565,0.5940964809772757,-0.13067900749964134
1743941744.9715652,0.6,-0.15718042852357383
1743941745.0715652,0.6,-0.1458027565917322
1743941745.1715653,0.6,-0.17141821467395535
1743941745.2715652,0.5354960690780637,-0.29975406443443675
1743941745.371565,0.4898323377087592,-0.38173077974940706
1743941745.4715652,0.4973185735438696,-0.3577046964903695
1743941745.5715652,0.4989065289873901,-0.3705069771771626
1743941745.6715653,0.489245663388484,-0.4028631063420648
1743941745.7715652,0.5075075543061653,-0.36304774686765073
1743941745.871565,0.48916200447424313,-0.3794470134996892
1743941745.9715652,0.48569755117945373,-0.37809999504936176
1743941746.0715652,0.4992113079205649,-0.389968169974202
1743941746.1715653,0.4905086833637967,-0.40804612326047535
1743941746.2715652,0.48436289870323684,-0.427784964217918
1743941746.371565,0.507390830325913,-0.3845231394937104
1743941746.4715652,0.5041125385988869,-0.4193446713878488
1743941746.5715652,0.5154698411862905,-0.4186988325626863
1743941746.6715653,0.47748985833319024,-0.4025339427006399
1743941746.7715652,0.5067005862668007,-0.42724607584461843
1743941746.871565,0.4907912503526731,-0.4167866983791364
1743941746.9715652,0.5162930244365145,-0.3895414236718018
1743941747.0715652,0.5019675152599513,-0.3974349553931032
1743941747.1715653,0.5010915681097822,-0.402758605464348
1743941747.2715652,0.5591663182880794,-0.4723287013012073
1743941747.371565,0.5951984982826738,-0.5609646153759311
1743941747.4715652,0.6,-0.6703231978344629
1743941747.5715652,0.6,-0.6485795169167197
1743941747.6715653,0.5803814734520911,-0.6382648319770103
1743941747.7715652,0.5925536205444937,-0.6752802086388813
1743941747.871565,0.5897960032238933,-0.6035239062688802
1743941747.9715652,0.6,-0.6638698307004754
1743941748.0715652,0.593831945714503,-0.641601737808133
1743941748.1715653,0.6,-0.6624307802771697
1743941748.2715652,0.598963904645758,-0.6460013179830658
1743941748.371565,0.6,-0.6757817997543641
1743941748.4715652,0.6,-0.6502342442836747
1743941748.5715652,0.5954864432127296,-0.6406359655539576
1743941748.6715653,0.5994918194764646,-0.6775706932404383
1743941748.7715652,0.5876487558112569,-0.6382325141403712
1743941748.871565,0.6,-0.642514730914663
1743941748.9715652,0.6,-0.6571458024418246
1743941749.0715652,0.6,-0.6680460164891183
1743941749.1715653,0.5932017880247541,-0.6831364378411003
1743941749.2715652,0.5577191454020901,-0.78880484798574
1743941749.371565,0.5470857135170495,-0.7781889821062418
1743941749.4715652,0.5237126108536633,-0.8
1743941749.5715652,0.547348173868061,-0.8
1743941749.6715653,0.5381023660339894,-0.7990900458835108
1743941749.7715652,0.5299965362057393,-0.8
1743941749.871565,0.5454882212653441,-0.8
1743941749.9715652,0.542501144032359,-0.8
1743941750.0715652,0.5363026036293818,-0.8
1743941750.1715653,0.5126424735547198,-0.8
1743941750.2715652,0.541010267653893,-0.8
1743941750.371565,0.5314881770534239,-0.7954622484875793
1743941750.4715652,0.5437297159101079,-0.7823392742862803
1743941750.5715652,0.5402076689270117,-0.8
1743941750.6715653,0.5396450039182669,-0.8
1743941750.7715652,0.5586705119702808,-0.7944272393441675
1743941750.871565,0.5619806969352836,-0.8
1743941750.9715652,0.5226141129981264,-0.7986164041739999
1743941751.0715652,0.5254715789755984,-0.8
1743941751.1715653,0.5342408842190104,-0.8
1743941751.2715652,0.5357198065739758,-0.8
1743941751.371565,0.525745123646374,-0.8
1743941751.4715652,0.5318851362806021,-0.8
1743941751.5715652,0.5119306081629469,-0.7737030260752685
1743941751.6715653,0.5369442349768474,-0.7811131508263787
1743941751.7715652,0.5301731428205371,-0.8
1743941751.871565,0.5300899019122826,-0.7966706003906392
1743941751.9715652,0.5156959212271763,-0.8
1743941752.0715652,0.5008056444480712,-0.7988571099784754
1743941752.1715653,0.5352340637898902,-0.769404645346714
1743941752.2715652,0.51190232347069,-0.8
1743941752.371565,0.5066447371633894,-0.7928047502546424
1743941752.4715652,0.5268478133592593,-0.7916303790481736
1743941752.5715652,0.5166045296432187,-0.8
1743941752.6715653,0.5306615752557975,-0.8
1743941752.7715652,0.5154930149346452,-0.8
1743941752.871565,0.5157518778213098,-0.8
1743941752.9715652,0.5241714641133615,-0.7756148591300395
1743941753.0715652,0.5214476672605953,-0.8
1743941753.1715653,0.5167037583113349,-0.8
1743941753.2715652,0.48187378739973147,-0.7047350540935747
1743941753.371565,0.47582637352287116,-0.6540798760741008
1743941753.4715652,0.4728693830909994,-0.5483965416192836
1743941753.5715652,0.46868448098112186,-0.5625769095708263
1743941753.6715653,0.4663760970981879,-0.518006051650554
1743941753.7715652,0.4570972601024345,-0.5651907143408523
1743941753.871565,0.47247475467706207,-0.5449332851691628
1743941753.9715652,0.46434654380353396,-0.5813295057339035
1743941754.0715652,0.4670525346462214,-0.5352621967882776
1743941754.1715653,0.4760283547464501,-0.5693158887498659
1743941754.2715652,0.45875145985953925,-0.6087199170580283
1743941754.371565,0.48802877816041684,-0.5738963785655472
1743941754.4715652,0.45766342893255735,-0.5448954482088699
1743941754.5715652,0.46237301048906687,-0.5555745887610907
1743941754.6715653,0.47157185523960665,-0.5479005975726943
1743941754.7715652,0.47184141784119654,-0.5738068492223501
1743941754.871565,0.4670976993210457,-0.5665427080076686
1743941754.9715652,0.47088261253928576,-0.5796447568515612
1743941755.0715652,0.4774538099777334,-0.5591929810561529
1743941755.1715653,0.47462618683238733,-0.5737565019697488
1743941755.2715652,0.4273136389698721,-0.46273953937603207
1743941755.371565,0.4337514069799931,-0.36697287179784754
1743941755.4715652,0.43220563973172715,-0.23729000683584675
1743941755.5715652,0.42107297007531275,-0.251273027778811
1743941755.6715653,0.42878943388487095,-0.2823000780419337
1743941755.7715652,0.4530880275258783,-0.24669820775366205
1743941755.871565,0.4258454052389986,-0.28074931637780776
1743941755.9715652,0.4260061687932433,-0.2924356519475392
1743941756.0715652,0.4304126388471737,-0.23678619629307116
1743941756.1715653,0.4531695678029794,-0.2679040374987732
1743941756.2715652,0.4158340637540253,-0.25790186107911267
1743941756.371565,0.4337295051100018,-0.259940032240394
1743941756.4715652,0.4356495223606967,-0.27417001090010024
1743941756.5715652,0.4376592381620521,-0.2790504198695742
1743941756.6715653,0.4213478608378908,-0.21809588680998312
1743941756.7715652,0.43240604544037803,-0.274782013003436
1743941756.871565,0.43067545966207893,-0.27266773145222084
1743941756.9715652,0.4246140603990837,-0.30088783605652947
1743941757.0715652,0.42465303402143245,-0.23398207490669154
1743941757.1715653,0.4145862829170059,-0.26180190826604777
1743941757.2715652,0.4691023603955503,-0.34476761600678696
1743941757.371565,0.45089739010108243,-0.2855009678525527
1743941757.4715652,0.4445358765022561,-0.29236817081585315
1743941757.5715652,0.45427896120733935,-0.3249878118974091
1743941757.6715653,0.45295936936478987,-0.30520422982642637
1743941757.7715652,0.457700140292113,-0.3069778476754642
1743941757.871565,0.4512918650739156,-0.2999702864443851
1743941757.9715652,0.44893498249606145,-0.3252132805133718
1743941758.0715652,0.4558946805668002,-0.3270790829396777
1743941758.1715653,0.4512447759351712,-0.3537762873897137
1743941758.2715652,0.46378067953803015,-0.3159093807866257
1743941758.371565,0.4536055478308732,-0.2904769668527534
1743941758.4715652,0.47653699470724054,-0.32154506988769244
1743941758.5715652,0.4643867014513053,-0.2999724514612534
1743941758.6715653,0.45307385215284113,-0.29027052001411596
1743941758.7715652,0.43704654280993577,-0.31521562294216365
1743941758.871565,0.43184903456924334,-0.34488031325902846
1743941758.9715652,0.44863896328933106,-0.2930515464692103
1743941759.0715652,0.4474048206367644,-0.30981384787657196
1743941759.1715653,0.44740168461757585,-0.28426394503063185
1743941759.2715652,0.3939076710668445,-0.21711088301157894
1743941759.371565,0.34736142697396,-0.1431226220242957
1743941759.4715652,0.30790368730519935,-0.09376644439206255
1743941759.5715652,0.28225819637434546,-0.07450228309275346
1743941759.6715653,0.2878276896092479,-0.0933420816997892
1743941759.7715652,0.2672597367027318,-0.06624599118373466
1743941759.871565,0.2742490811265344,-0.08903859561573509
1743941759.9715652,0.2729253784405309,-0.08048771348526834
1743941760.0715652,0.2572664424919668,-0.05751812523653966
1743941760.1715653,0.28428039752046924,-0.10413783231205276
1743941760.2715652,0.27115187821217923,-0.08327913916843241
1743941760.371565,0.2585649727177445,-0.06662535320078328
1743941760.4715652,0.2772393768241348,-0.10346164844969549
1743941760.5715652,0.27316197569788797,-0.0774567056727587
1743941760.6715653,0.26512164034756747,-0.051763683516765316
1743941760.7715652,0.2855966046266079,-0.04925328291508249
1743941760.871565,0.26427051505807525,-0.08933206787984577
1743941760.9715652,0.26015055051284763,-0.08077108104066823
1743941761.0715652,0.242925248884466,-0.019073328612177885
1743941761.1715653,0.2653823946961076,-0.09043922523534476
1743941761.2715652,0.20960124720467269,0.006684124100283878
1743941761.371565,0.19862885259049187,0.04098762439241696
1743941761.4715652,0.18597119897597922,0.058900695251853305
1743941761.5715652,0.17593225694837994,0.06324826928295223
1743941761.6715653,0.19111971987528237,0.07156775474241377
1743941761.7715652,0.18189626748663051,0.07650699072539742
1743941761.871565,0.19002347583872314,0.050238380205952116
1743941761.9715652,0.19163219101468143,0.028568314737049946
1743941762.0715652,0.18558958135394066,0.05982919991071385
1743941762.1715653,0.16714211653948924,0.08092656299031241
1743941762.2715652,0.17546170596011906,0.05681393323856575
1743941762.371565,0.19394849342276232,0.054371743760199584
1743941762.4715652,0.17967002944185528,0.034722482180732206
1743941762.5715652,0.18069811683905782,0.04953491533383733
1743941762.6715653,0.19069818907321867,0.024151182421051205
1743941762.7715652,0.18718771021885586,0.037723432136345415
1743941762.871565,0.1928428383005636,0.05285613591884305
1743941762.9715652,0.19643107222206913,0.06730880644183584
1743941763.0715652,0.16746641295359882,0.03642798303416255
1743941763.1715653,0.17474994049147016,0.05428569792052438
1743941763.2715652,0.21834603308374695,-0.05838129449011544
1743941763.371565,0.20387657062617817,-0.12715821020491094
1743941763.4715652,0.22007854598668725,-0.20585219195380391
1743941763.5715652,0.20187170502720148,-0.17805692811600943
1743941763.6715653,0.2166921342052775,-0.17149497932363192
1743941763.7715652,0.20371539981777342,-0.17837404187996203
1743941763.871565,0.2112392894290545,-0.23957152979652893
1743941763.9715652,0.2266553540622137,-0.1777850948879994
1743941764.0715652,0.21383410985837503,-0.18684136706877483
1743941764.1715653,0.21271851044287562,-0.22233472696851742
1743941764.2715652,0.21949575141360678,-0.20264232093411658
1743941764.371565,0.21180926616968793,-0.17878350373947133
1743941764.4715652,0.21464890682911159,-0.2170613619038337
1743941764.5715652,0.21336032873714153,-0.23005972264700852
1743941764.6715653,0.21768030365494703,-0.20139483547094453
1743941764.7715652,0.21683205606159087,-0.20483259825864075
1743941764.871565,0.21837834133088102,-0.21113569945024827
1743941764.9715652,0.21052419063048558,-0.19549170092963197
1743941765.0715652,0.22675297569702868,-0.18943102082802818
1743941765.1715653,0.21870698306064773,-0.21015246384014963
1743941765.2715652,0.179556274507791,-0.17017908036513346
1743941765.371565,0.12683372139058785,-0.15763254724252349
1743941765.4715652,0.08822394519509527,-0.1357774407847168
1743941765.5715652,0.03836470902609436,-0.1667489526340592
1743941765.6715653,0.0406883373473716,-0.1480617844504995
1743941765.7715652,0.041318140446362527,-0.1614266999836993
1743941765.871565,0.05130338427076664,-0.13989614470091416
1743941765.9715652,0.06310263859443085,-0.1868795029058469
1743941766.0715652,0.047761088455806254,-0.13269549649336543
1743941766.1715653,0.04544263103559874,-0.12860940159974246
1743941766.2715652,0.04919942564083451,-0.15350009308520454
1743941766.371565,0.046864894273702384,-0.17740197268236413
1743941766.4715652,0.04550363654402963,-0.16196764447716697
1743941766.5715652,0.040889872473146384,-0.15161103437831586
1743941766.6715653,0.041250332270243696,-0.12797952962008774
1743941766.7715652,0.06665044317212854,-0.19013572336096843
1743941766.871565,0.04859600053095581,-0.15914381624526422
1743941766.9715652,0.04077748203616098,-0.11702782301489874
1743941767.0715652,0.052888455458165076,-0.16598694484458812
1743941767.1715653,0.044581153003214614,-0.162915796201017
1743941767.2715652,0.10660192462782658,-0.15893414682999757
1743941767.371565,0.10903354523259108,-0.1856417633662339
1743941767.4715652,0.09174232456893541,-0.16742021989615982
1743941767.5715652,0.0919347851155472,-0.14643114181985112
1743941767.6715653,0.1108861830358151,-0.1732371539725773
1743941767.7715652,0.10320746728558029,-0.16075877253952361
1743941767.871565,0.10524051904356586,-0.16803472705095035
1743941767.9715652,0.09732053284232736,-0.21404971628992103
1743941768.0715652,0.08587704410698156,-0.17194451071478536
1743941768.1715653,0.128984287460828,-0.18412509189191487
1743941768.2715652,0.10958693056508917,-0.15682778681578985
1743941768.371565,0.10401602982481022,-0.17637096170041158
1743941768.4715652,0.09892519824475135,-0.2006829345588516
1743941768.5715652,0.10730887004532942,-0.1754730135936225
1743941768.6715653,0.10890140172821533,-0.18804747625226992
1743941768.7715652,0.10270259523023363,-0.14973391275399017
1743941768.871565,0.08808737892172286,-0.2085410784343265
1743941768.9715652,0.1058718781826756,-0.14067108950871623
1743941769.0715652,0.07699355154451316,-0.17210700944347299
1743941769.1715653,0.12796536012227816,-0.1761003916869334
1743941769.2715652,0.2004834059538477,-0.06238196342609405
1743941769.371565,0.2569181731668648,-0.002905406333340091
1743941769.4715652,0.2402295560229877,0.04862743909516869
1743941769.5715652,0.26579420888479566,0.0025414130938392412
1743941769.6715653,0.25799964477355214,0.022518559802521453
1743941769.7715652,0.26415717164856145,-0.01585034913210786
1743941769.871565,0.2542204666200614,0.021483415326200357
1743941769.9715652,0.2506796271348783,0.017600300660465362
1743941770.0715652,0.2352212562876758,0.023318139626399153
1743941770.1715653,0.24668477671229166,0.024579014539100826
1743941770.2715652,0.2523879223444702,-0.004140380604708935
1743941770.371565,0.2632900414494802,0.008802812699443352
1743941770.4715652,0.258033310448513,-0.0037353109401762896
1743941770.5715652,0.23425803116018692,0.010356871434553978
1743941770.6715653,0.25551078250974435,0.0010802556291174652
1743941770.7715652,0.2705036438900697,0.010426508372779801
1743941770.871565,0.23145429758472147,0.005474903886409584
1743941770.9715652,0.2393657482556704,0.0063898784386720526
1743941771.0715652,0.23707279655954838,-0.0018468139698166108
1743941771.1715653,0.25782487555179645,-0.016660507739213085
1743941771.2715652,0.30710295107960156,-0.11039308192639125
1743941771.371565,0.3676581202463483,-0.1380309803700992
1743941771.4715652,0.3499669110350771,-0.1709504579474556
1743941771.5715652,0.36905162838105304,-0.15697941915763178
1743941771.6715653,0.36744419080762314,-0.14794933632049706
1743941771.7715652,0.3607352222134615,-0.12990434362266198
1743941771.871565,0.3467851860499259,-0.11655813276438562
1743941771.9715652,0.35270370906314147,-0.12053457803969421
1743941772.0715652,0.3521618645540031,-0.1349086041079357
1743941772.1715653,0.36758580107855343,-0.09630451400604473
1743941772.2715652,0.3731430157114914,-0.14659226158025707
1743941772.371565,0.36214060281940424,-0.10798981644536035
1743941772.4715652,0.35210369170974065,-0.11409407777371564
1743941772.5715652,0.35567377953014395,-0.1552941810288762
1743941772.6715653,0.3659302285262251,-0.17990065963985963
1743941772.7715652,0.37554671005232854,-0.14292039873894866
1743941772.871565,0.3627887095088553,-0.1453865000818124
1743941772.9715652,0.35995298461795905,-0.15371655203128787
1743941773.0715652,0.3589904009484643,-0.11184302623535455
1743941773.1715653,0.3574245741460434,-0.12233620311607905
1743941773.2715652,0.3203803280433869,-0.23260384686000657
1743941773.371565,0.28499838364628965,-0.23211701238716517
1743941773.4715652,0.2510273356552261,-0.26358818667079015
1743941773.5715652,0.2374312730127909,-0.26406690360742513
1743941773.6715653,0.26124296742003156,-0.2672024508340601
1743941773.7715652,0.25122642759457103,-0.2806716828445746
1743941773.871565,0.23992557296042327,-0.2915038429707704
1743941773.9715652,0.2500030082348302,-0.26141966703380637
1743941774.0715652,0.2696711480137297,-0.27286058387309753
1743941774.1715653,0.26573753649040005,-0.26143130406496884
1743941774.2715652,0.25388571913073615,-0.2508793990478913
1743941774.371565,0.25664205619198777,-0.2725952464873129
1743941774.4715652,0.25398243200188947,-0.2655132556543404
1743941774.5715652,0.23709087385555902,-0.27579843945133353
1743941774.6715653,0.25874592446830436,-0.2620914541047919
1743941774.7715652,0.24261544239472044,-0.29332321649379056
1743941774.871565,0.25841688142318897,-0.30020723026959556
1743941774.9715652,0.2630786331318518,-0.3062374157524302
1743941775.0715652,0.24717004851887706,-0.28585225711066464
1743941775.1715653,0.2563861046769208,-0.25127154953907355
