1744122090.0249844,13,1.701097780337356,0.12948292710777867
1744122090.0249844,14,0.7700787327768754,1.622027371154526
1744122090.0249844,16,2.262396569042901,-1.228633291242868
1744122090.5249844,13,1.6176684510927746,0.17782063542253682
1744122090.5249844,14,0.7588730181095072,1.7524597946128075
1744122090.5249844,16,2.214990402431548,-1.314772676719128
1744122091.0249844,13,1.5839264383473903,0.15121410336998148
1744122091.0249844,14,0.7423960919381505,1.9000048995230758
1744122091.0249844,16,2.1794673580634396,-1.327150111685256
1744122091.5249844,12,2.9233147348116373,0.6429698828968864
1744122091.5249844,13,1.4628918658460617,0.49670729049180673
1744122091.5249844,14,0.7681761437281083,2.252884766168735
1744122091.5249844,16,2.097745607239998,-1.0706434317978586
1744122092.0249844,12,2.9473767490870095,1.221793455425658
1744122092.0249844,13,1.4363351079084603,1.1048691479068762
1744122092.0249844,16,2.039965453372329,-0.4779197846276268
1744122092.5249844,12,2.9721475079860276,1.8495733838221453
1744122092.5249844,13,1.4275850945693906,1.7474391095629365
1744122092.5249844,14,0.9912943158469357,-2.8072604172758995
1744122092.5249844,16,2.041317300979591,0.10011977492518077
1744122093.0249844,12,3.0105924138956177,2.4337709347551377
1744122093.0249844,13,1.39018536194631,2.3597348211050515
1744122093.0249844,14,1.0110098654717545,-2.3338774508543456
1744122093.0249844,16,2.0291374191778213,0.6671726819393049
1744122093.0249844,17,3.019516829792385,-0.02743311006319598
1744122093.5249844,13,1.5548539565937167,2.7019082531747793
1744122093.5249844,14,1.134093936022,-2.0834404759999368
1744122093.5249844,16,1.8761984077883194,1.0311431393719466
1744122093.5249844,17,2.8499936517018623,0.34107342655351175
1744122094.0249844,13,1.5897951288744119,2.6586982267393613
1744122094.0249844,14,1.091813719132977,-2.261863809233239
1744122094.0249844,16,1.7499282572781525,0.9427962471179793
1744122094.0249844,17,2.7969161010244044,0.2974023771701666
1744122094.5249844,14,1.283367626686341,-2.3980696426705777
1744122094.5249844,16,1.7626300108373056,0.9922131213558039
1744122094.5249844,17,2.6350611269584627,0.23189515935189312
1744122095.0249844,13,2.007000293030961,2.6345593224337915
1744122095.0249844,14,1.3498177068933706,-2.508887842511206
1744122095.0249844,16,1.628741441248115,1.0373200613938232
1744122095.0249844,17,2.474945048906553,0.22097936278017566
1744122095.5249844,13,2.0087494693409247,2.885165185002506
1744122095.5249844,14,1.4564711518979234,-2.340150456270345
1744122095.5249844,16,1.5187658775878075,1.3403263238092706
1744122095.5249844,17,2.2874035314454475,0.47807531411154003
1744122096.0249844,13,2.1962229450979636,-2.826044189369006
1744122096.0249844,14,1.5047105154329732,-1.847470254030026
1744122096.0249844,16,1.6791925891992996,1.9833266338102427
1744122096.0249844,17,2.2097855143698513,1.0544683815254043
1744122096.5249844,13,2.304862846009126,-2.234028745249497
1744122096.5249844,14,1.519973697985945,-1.3758741758996058
1744122096.5249844,16,1.7225045505903838,2.673128802440523
1744122096.5249844,17,2.1796797713246563,1.7471127857651532
1744122097.0249844,13,2.3360347053999155,-1.7436746126110576
1744122097.0249844,14,1.5116537090032676,-0.8944959334795417
1744122097.0249844,16,1.8862704456114618,-2.993697849679183
1744122097.0249844,17,2.3095504857492686,2.3622689790766844
1744122097.5249844,13,2.4566069887319557,-1.544645072366291
1744122097.5249844,14,1.263302890375311,-0.7037396690349728
1744122097.5249844,16,2.1739082857733147,-2.7963057898934935
1744122097.5249844,17,2.3771882018712662,2.74040108286541
1744122098.0249844,13,2.4134221395850637,-1.7226468120489344
1744122098.0249844,14,1.1381907986759388,-0.9338910170149795
1744122098.0249844,17,2.6766008414302713,2.6947619261057514
1744122098.5249844,13,2.3788627688908495,-2.204267364207896
1744122098.5249844,14,1.0371097545101466,-1.4816736456831676
1744122098.5249844,16,2.5054012899673532,2.9487549126420785
1744122098.5249844,17,2.8465017713559893,2.2360649543118867
1744122099.0249844,13,2.496827882177525,-2.83897896611617
1744122099.0249844,14,1.145460390809959,-2.105421295788165
1744122099.0249844,17,2.7636343304686806,1.6905245428094495
1744122099.5249844,13,2.585962842343626,2.7988975821697544
1744122099.5249844,14,1.2374148549912403,-2.7940632871000246
1744122099.5249844,16,2.48066763663925,1.8213636867708793
1744122099.5249844,17,2.807257863079337,1.1204920892714227
1744122100.0249844,13,2.8063148388604517,2.2891664535356466
1744122100.0249844,14,1.292883391102977,2.870372579074511
1744122100.0249844,16,2.578970621638296,1.270214986079287
1744122100.0249844,17,2.680689512322146,0.6531888583193499
1744122100.5249844,14,1.4595763844927827,2.645943049204896
1744122100.5249844,16,2.4767269959455844,1.0197517473358386
1744122100.5249844,17,2.5708020547802666,0.2846858223391546
1744122101.0249844,13,2.8806500791525345,2.1850157861188886
1744122101.0249844,14,1.6770746066209536,2.7491731376704163
1744122101.0249844,16,2.4489100787354294,1.1664097323656026
1744122101.0249844,17,2.3365485189727146,0.38273624036344633
1744122101.5249844,13,2.879741762796115,2.650617378505376
1744122101.5249844,14,1.5886054305340758,-3.020306564196146
1744122101.5249844,16,2.369873171999602,1.639758993037005
1744122101.5249844,17,2.4252202021199696,0.8704852764566943
1744122102.0249844,13,2.9297733753615627,-3.027130529222254
1744122102.0249844,14,1.5907327370840685,-2.4486680558327065
1744122102.0249844,16,2.475589712640084,2.3051463391036626
1744122102.0249844,17,2.3864797310002808,1.5099784196506323
1744122102.5249844,16,2.58755330023661,2.973691941743821
1744122102.5249844,17,2.3602038282228226,2.153239619101554
1744122103.5249844,14,1.663300483296407,-1.2150402179027644
1744122103.5249844,16,2.81444982258225,-2.527182517390839
1744122103.5249844,17,2.7367392189488,3.1348180188337027
1744122104.0249844,14,1.4917626869669922,-1.2010302184992017
1744122104.5249844,14,1.583734426685998,-1.3851389833101262
1744122105.0249844,14,1.6279719021339407,-1.961051178022763
1744122105.5249844,14,1.6570227581003825,-2.3093120108874348
1744122106.0249844,14,1.8659262885381098,-2.606268366852732
1744122106.5249844,14,1.941633266595368,-0.7786933940063863
1744122107.0249844,14,1.766611292309825,-0.44685598098618307
1744122107.5249844,14,1.6458678986810242,-0.2519988871388433
1744122108.5249844,14,1.3792804632283335,-0.3046846638172238
1744122109.0249844,14,1.2442476390158244,0.1341675024900924
1744122109.5249844,14,1.3039992717485611,0.7401780865724443
1744122110.0249844,14,1.2480236118461332,1.3871215024630117
1744122110.5249844,14,1.1849204546264094,2.076641332193789
1744122111.0249844,14,1.3842250675658159,2.730021690130837
1744122111.5249844,14,1.4772348261484434,3.0283224249306295
1744122112.0249844,14,1.571823433935534,3.024983918160851
1744122112.5249844,14,1.9188972633140051,-3.070288796354797
1744122113.0249844,14,1.8453200000714665,0.15135889864802743
1744122113.5249844,14,1.7958347312194136,0.5010429413827362
1744122114.0249844,14,1.7357467013825771,0.44746552616214075
1744122115.0249844,14,1.3674842248940098,1.2031186351262881
1744122115.5249844,14,1.3575371251537351,1.8251190287824384
1744122116.5249844,14,1.4446060843609099,3.059116194182736
1744122117.0249844,14,1.6549220928943824,-2.6661761527820564
1744122117.5249844,14,1.6766300767823905,-2.393980447675775
1744122118.0249844,14,1.7748563154968393,-2.497681740456717
1744122118.5249844,14,1.9076652430295855,-2.4463717201502924
1744122119.0249844,14,2.043315226182585,-1.153990799901624
1744122119.5249844,14,1.7774497489230383,-1.045061944559099
1744122120.0249844,14,1.6320681410343136,-1.2445608744235719
1744122121.0249844,10,2.9023556838631985,-0.7900587276398603
1744122121.5249844,10,2.79936999889928,-1.1968922241391216
1744122121.5249844,14,1.9726213260798393,-2.8984841818981844
1744122122.0249844,10,2.724229289618565,-1.152771232874367
1744122122.0249844,14,2.17980373626546,-2.8605633344284
1744122122.5249844,10,2.673537823315942,-0.8235415416682061
1744122122.5249844,14,2.3942681107756942,-2.472767314875731
1744122123.0249844,10,2.541298709257303,-0.3252956623905535
1744122123.0249844,14,2.392054125658015,-1.947326456011323
1744122123.5249844,10,2.257911496762849,0.11997359175977282
1744122123.5249844,14,2.6320642011460986,-1.5969678477429317
1744122124.0249844,10,1.986256371474994,0.6168472379526089
1744122124.5249844,9,2.736802013108879,0.02545876247230472
1744122124.5249844,10,1.717431487402714,0.8895654447986537
1744122124.5249844,14,2.3827282698955847,-1.1520266107303765
1744122125.0249844,10,1.7146148661848546,0.8242099629420455
1744122125.0249844,14,2.318786701161932,-1.4564407241257291
1744122125.5249844,9,2.285298233896731,-0.6084338164262149
1744122125.5249844,10,1.4842121335878853,0.48680752944507916
1744122125.5249844,14,2.4050091974199086,-2.010363783603758
1744122126.0249844,9,2.1254482211836256,-1.1252743795167603
1744122126.0249844,10,1.2031569787280025,0.11996150543941166
1744122126.0249844,14,2.557869257372532,-2.524267606565653
1744122126.5249844,9,2.134109766957981,-1.3621786352206668
1744122126.5249844,10,1.1546848179690719,-0.008522214177348105
1744122126.5249844,14,2.541312357572055,-2.6696397326456935
1744122127.0249844,9,2.00970544561653,-1.1475380537483426
1744122127.0249844,10,1.1772646030814493,0.22795505130907315
1744122127.0249844,14,2.6029541423392533,-2.4185625519543543
1744122127.5249844,9,2.0663520825591153,-0.5105432336932865
1744122127.5249844,10,1.128560607460882,0.8227213903509157
1744122127.5249844,14,2.5564100023729996,-1.8581685517787314
1744122128.0249844,9,2.0782628005352946,0.051270621811040945
1744122128.0249844,10,1.049159874224002,1.4439505719912307
1744122128.0249844,14,2.7558236045943354,-1.3046671738432738
1744122128.5249844,9,1.8386245283879998,0.6399151210664671
1744122128.5249844,10,1.071128820200499,2.0821620193624812
1744122128.5249844,11,2.9974874876397704,0.3241263385601781
1744122128.5249844,14,2.668754526448376,-0.7018057035714814
1744122129.0249844,9,1.8707581394959616,1.2824299522490605
1744122129.0249844,10,1.0969382006112123,2.726592104320608
1744122129.0249844,11,2.9660615897222313,0.9752630797501808
1744122129.0249844,14,2.624593447863504,-0.09812840222248784
1744122129.5249844,9,1.9831547140017913,1.8392920166914115
1744122129.5249844,10,1.2638704241177323,-3.0239950006237795
1744122129.5249844,11,2.9209698437929372,1.4577545792313955
1744122129.5249844,14,2.522234597738565,0.37430828000379573
1744122130.0249844,9,2.0662288934646917,2.467377033763174
1744122130.0249844,10,1.380092682462812,-2.5576986089597926
1744122130.0249844,11,2.887355131419767,2.070000545616262
1744122130.0249844,14,2.463206291786194,0.9731678058039152
1744122130.5249844,9,2.222446207705819,2.729531022179515
1744122130.5249844,10,1.5147320339250991,-2.383899797169056
1744122130.5249844,11,2.9690921913427486,2.292555577456227
1744122130.5249844,14,2.294127310921891,1.2525249373760703
1744122131.0249844,9,2.221238256905492,2.6132145205427424
1744122131.0249844,10,1.6446920376314893,-2.5709081148110102
1744122131.0249844,14,2.2655182469881248,1.1939519849181195
1744122131.5249844,9,2.3678129428643357,2.0945057041664183
1744122131.5249844,10,1.6391175104623965,-3.1166645881798405
1744122131.5249844,14,2.2850155536347567,0.6854271475251194
1744122132.0249844,9,2.327430967015703,1.5620515773123103
1744122132.0249844,10,1.7376290937474792,2.5983818504750813
1744122132.5249844,9,2.3182144898970662,0.9682963878009258
1744122132.5249844,10,1.6288161304930668,2.0359475841520203
1744122132.5249844,14,2.0943650950598514,-0.49945126947656443
1744122133.0249844,9,2.1592630018971977,0.38807948889311755
1744122133.0249844,10,1.7888811947670158,1.4935127093899683
1744122133.0249844,11,3.0056302429885626,0.0243951073570004
1744122133.0249844,14,2.040726567446855,-1.1474113629873983
1744122133.5249844,9,1.9828257260688893,-0.16143583724501326
1744122133.5249844,10,1.6277030280535527,1.0179867341943871
1744122133.5249844,11,2.720705397678725,-0.6811972901187839
1744122133.5249844,14,2.0177515874959964,-1.8312131648466012
1744122134.0249844,9,1.8442098020437083,-0.8470260306537445
1744122134.0249844,10,1.577203119837,0.5019485135276389
1744122134.0249844,11,2.6099663420437578,-1.3255727202310637
1744122134.0249844,14,2.080615797321835,-2.522379840179803
1744122134.5249844,9,1.770021173250466,-1.466450521902076
1744122134.5249844,11,2.725667105720138,-1.9380946045469334
1744122135.0249844,9,1.8279676857933387,-2.137913657243232
1744122135.0249844,10,1.347190262623123,-0.7007477632094067
1744122135.0249844,11,2.670006998763376,-2.5647186396720882
1744122135.0249844,14,2.2747826965458473,2.5745373513758323
1744122135.5249844,9,1.9089755646710587,-2.745217294071267
1744122135.5249844,10,1.3243573450269142,-1.3948122737441064
1744122135.5249844,11,2.734430075964362,3.1187897258413
1744122135.5249844,14,2.432055281418199,2.0192373769030008
1744122136.0249844,9,2.0088783740174754,2.8725514701747557
1744122136.0249844,10,1.301647353316285,-2.075206555896346
1744122136.0249844,14,2.449023754337845,1.4904779854242611
1744122136.5249844,9,2.1926411843660296,2.3281003723860527
1744122136.5249844,10,1.4124119789846183,-2.757293047855776
1744122137.0249844,9,2.3057518793615848,1.8274998266421887
1744122137.0249844,10,1.5007603865166108,2.9105907389511803
1744122137.0249844,14,2.298701784644836,0.3722585807201744
1744122137.5249844,10,1.6004863323833958,2.6427770141912346
1744122137.5249844,14,2.2503804512426133,0.14103393149897525
1744122138.0249844,9,2.2354827696300834,1.6297485110036904
1744122138.0249844,10,1.759812964151268,2.7417618842234948
1744122138.0249844,14,2.117216985037647,0.16863506716540008
1744122138.5249844,9,2.202534536692936,2.1218760796021456
1744122138.5249844,10,1.7236138883052736,-3.057697199753675
1744122138.5249844,14,2.1216220759028213,0.6781468440452804
1744122139.0249844,9,2.264158099849787,2.77138707505633
1744122139.0249844,10,1.8022634516026614,-2.4844129049749992
1744122139.0249844,14,2.1409358042792492,1.2158292247707478
1744122139.5249844,9,2.371216803396667,-2.9730384598094077
1744122139.5249844,10,1.7565646314641008,-1.9607814012719287
1744122139.5249844,14,2.0790844540927953,1.8875223402403012
1744122140.0249844,9,2.5125578558388915,-2.389835825067626
1744122140.0249844,10,1.8081585021314097,-1.414990981689248
1744122140.0249844,14,2.1478401335416764,2.5390678600234597
1744122140.5249844,9,2.5145817453797394,-2.0703186009422674
1744122140.5249844,14,2.320262991880702,2.8796791839729874
1744122141.0249844,9,2.6719153633037376,-2.232382799049411
1744122141.0249844,14,2.3187202371487907,2.733915701847311
1744122141.5249844,9,2.6210831206199647,-2.690949930816623
1744122141.5249844,10,1.7116898871385033,-1.8055720122938181
1744122141.5249844,14,2.473832545138396,2.294934657128491
1744122142.0249844,9,2.5742988645526976,3.000774708542671
1744122142.0249844,10,1.7707599680139385,-2.405113940385654
1744122142.0249844,14,2.545590722846792,1.7665309323383827
1744122142.5249844,9,2.87008455396138,2.714855404427446
1744122142.5249844,10,1.8254645305430062,-2.77058394808311
1744122142.5249844,14,2.4088080966668204,1.5509101372756926
1744122143.0249844,9,2.926046228924448,2.7751901855577104
1744122143.0249844,10,2.0525122735531913,-2.6993699636072095
1744122143.0249844,14,2.4271769462435646,1.626425923167371
1744122143.5249844,10,2.0344868987047686,-2.287177407603015
1744122143.5249844,14,2.5273214106023456,2.1367863295122516
1744122144.0249844,10,2.072259481130019,-1.7154738677503385
1744122144.0249844,14,2.4786922423145406,2.7082851870078177
1744122144.5249844,10,2.0606144559276065,-1.1716686078225087
1744122144.5249844,14,2.590003494644487,-2.9505574856136527
1744122145.0249844,10,2.032116571476284,-0.6135172990605122
1744122145.0249844,14,2.6790091985448017,-2.3898202526032524
1744122145.5249844,10,1.9280261397922656,-0.014647789600682377
1744122145.5249844,14,2.704098767754442,-1.7856952088085654
1744122146.0249844,10,1.9109869507599244,0.5988894806035948
1744122146.0249844,14,2.696452769706353,-1.189218373449622
1744122146.5249844,9,2.821056863432877,0.44696265879523495
1744122146.5249844,10,1.79675339027448,1.208314937113411
1744122146.5249844,14,2.6695472541304373,-0.6418803788427256
1744122147.0249844,9,2.7661979924439435,1.0747222453009877
1744122147.0249844,10,1.9598137062413599,1.9040345710524935
1744122147.0249844,14,2.5064679455424663,-0.056481298054778376
1744122147.5249844,9,2.87773525819499,1.4052158096804812
1744122147.5249844,10,1.9620446216623433,2.2089376692536695
1744122147.5249844,14,2.401742200817403,0.22331253083198116
1744122148.0249844,9,2.7903293336563793,1.3249638439551632
1744122148.0249844,10,1.9357414346657111,2.2344414301693356
1744122148.0249844,14,2.4086225196332185,0.1923165196586713
1744122148.5249844,9,2.820687885811747,0.9784482109360656
1744122148.5249844,10,2.0662265295927544,1.8388321388890938
1744122148.5249844,14,2.271834250255908,-0.2122169151860442
1744122149.0249844,9,2.7236848370063615,0.3897442998051755
1744122149.0249844,10,2.0384042826752786,1.3228863731427154
1744122149.5249844,9,2.5068471472791654,-0.17641705602552515
1744122149.5249844,10,1.83178223252279,0.733249499671369
1744122149.5249844,14,2.1291535663607357,-1.547117700841161
1744122150.0249844,9,2.436925583759371,-0.7840871519772328
1744122150.0249844,10,1.6842963303936784,0.23210501249558213
1744122150.0249844,14,2.1555361268685775,-2.184953657523276
1744122150.5249844,9,2.1740857909347047,-1.2230866383759107
1744122150.5249844,14,2.3713608024381916,-2.5978812049558773
1744122151.0249844,9,2.132028333203303,-1.3248257515742647
1744122151.0249844,10,1.1383390562551128,-0.009780900786404562
1744122151.0249844,14,2.645170243855354,-2.6215006055809495
1744122151.5249844,9,2.050577337130086,-0.9235504170317065
1744122151.5249844,10,1.057983711327442,0.42432001875834524
1744122151.5249844,14,2.7457395079457223,-2.2204411839008187
1744122152.0249844,9,2.0617933348364312,-0.3155867967152476
1744122152.0249844,10,0.986740453469865,1.0532902076770396
1744122152.0249844,14,2.708735431854522,-1.6299211923587948
1744122152.5249844,10,1.0562472503792462,1.679396684574034
1744122152.5249844,14,2.775782641790836,-1.0561772931551494
1744122153.0249844,9,2.0893432948397344,0.8962642587381311
1744122153.0249844,10,0.9811473639189264,2.321737977466569
1744122153.0249844,11,2.9629898530795584,0.5549709670574644
1744122153.0249844,14,2.692755588501748,-0.43732021182837094
1744122153.5249844,9,1.9541571300465121,1.5240499634385019
1744122153.5249844,10,1.0456765764045148,2.961040596826512
1744122153.5249844,11,2.936093599305792,1.1504634868753294
1744122153.5249844,14,2.5489247051234023,0.11989189220906352
1744122154.0249844,9,1.9791987901999832,2.178583405339591
1744122154.0249844,10,1.2198668309837475,-2.7335682598556033
1744122154.0249844,14,2.510003246725108,0.7596818603445717
1744122154.5249844,9,2.09938049709474,2.5399395215043468
1744122154.5249844,10,1.3188663336108704,-2.491122750763904
1744122154.5249844,11,2.933998010420286,2.140231773570243
1744122154.5249844,14,2.356661603711842,1.11540331663606
1744122155.0249844,9,2.1484317217748075,2.5232207277217564
1744122155.0249844,10,1.4710527618372975,-2.5482309737128617
1744122155.0249844,14,2.3213620959757413,1.1392092210718894
1744122155.5249844,9,2.2856389587788453,2.714902360079976
1744122155.5249844,10,1.59822731839167,-2.512449019261046
1744122155.5249844,14,2.300099434252112,1.3190231785128042
1744122156.0249844,9,2.4432096531832537,-3.068316351312168
1744122156.0249844,10,1.7007842963391524,-2.0766459624432874
1744122156.0249844,14,2.3193325397755578,1.840369285735772
1744122156.5249844,9,2.649941985025486,-2.4828011148261218
1744122156.5249844,14,2.3235381785907427,2.5181000014324546
1744122157.0249844,9,2.6726255049608527,-1.926965048809443
1744122157.0249844,10,1.6659828910533447,-1.0919822538142439
1744122157.0249844,14,2.5240071032257116,3.0910511326681336
1744122157.5249844,9,2.855653031820007,-1.6646554072670778
1744122157.5249844,10,1.5587656381758908,-0.8070364738874362
1744122157.5249844,14,2.7858453113394694,-2.817504864256715
1744122158.0249844,9,2.7499776776343534,-1.4162990223921705
1744122158.0249844,10,1.3591793962011123,-0.5438240007117717
1744122158.0249844,14,2.952235316626931,-2.4495993474923687
1744122158.5249844,9,2.6682254183259677,-1.3625674034415303
1744122158.5249844,10,1.1879962201950265,-0.5251512699218246
1744122159.0249844,9,2.6927157605622734,-1.69343642549193
1744122159.0249844,10,1.0963509472691817,-0.8655924531714575
1744122159.5249844,9,2.674816287914748,-2.2622784219753473
1744122159.5249844,10,1.1199171318466887,-1.5227810965655248
1744122160.0249844,9,2.809901840228896,-2.906174228642191
1744122160.0249844,10,1.1411328976710495,-2.1831361185201947
1744122160.5249844,9,2.840907212636221,2.8120371453187847
1744122160.5249844,10,1.2422736112687107,-2.8221740533153863
1744122161.0249844,9,3.007726397360573,2.233869392511194
1744122161.0249844,10,1.274411887070234,2.915052261761636
1744122161.5249844,10,1.3758049504342478,2.5915640960392
1744122162.0249844,10,1.541487736409722,2.770831180483158
1744122162.5249844,10,1.5833089375454565,-3.0356423346806523
1744122163.0249844,10,1.6460025298052348,-2.4351091206682183
1744122163.5249844,10,1.7548435909828992,1.9477675873110427
1744122164.0249844,10,1.773586204149682,2.6258801691750384
1744122164.5249844,10,1.8481564841232099,-3.0646333839145643
1744122165.0249844,10,1.837692858292104,-1.1060659303426075
1744122165.5249844,10,1.8873925352002248,-0.5465464190175977
1744122166.0249844,10,1.7997274085620574,0.06960082746728699
1744122166.5249844,10,1.7518674589061103,0.6743738729656027
1744122167.0249844,10,1.648471194270953,1.276997956860866
1744122167.5249844,10,1.6788877912867317,1.5891691328893627
1744122168.0249844,9,2.889222900674674,0.783547341230025
1744122168.0249844,10,1.6420069382229299,1.5544743139196884
1744122168.0249844,14,2.971415195754185,-0.17919412367914903
1744122168.5249844,9,2.957369778292194,0.9966801511866795
1744122168.5249844,10,1.649828675238424,1.8450871147665535
1744122168.5249844,14,2.7246041806169674,-0.06176466863813075
1744122169.0249844,9,2.8216858777356273,1.5539442049898724
1744122169.0249844,10,1.69775058152284,2.3889629979292515
1744122169.0249844,14,2.56411753209895,0.3736747564504215
1744122169.5249844,9,2.788036880551435,1.9177211946886379
1744122169.5249844,10,1.98906725324205,2.763633343240452
1744122169.5249844,14,2.276598432172342,0.7331819057138542
1744122170.0249844,9,2.9103125150198093,2.1544990632333185
1744122170.0249844,10,2.362367119344949,2.9924245318937754
1744122170.0249844,14,2.1223172587193,0.9856727799104956
1744122170.5249844,14,1.8914912373378738,0.92186868062303
1744122171.0249844,10,2.6145784265175505,2.384191381762738
1744122171.0249844,14,1.757052525481916,0.5627572505713206
1744122171.5249844,10,2.9382714654097346,2.1750452365245216
1744122171.5249844,14,1.5393825063774262,0.29876018082714983
1744122172.0249844,14,1.1978689541876435,0.4256108208201009
1744122172.5249844,13,2.953981444435276,0.9433392693665429
1744122172.5249844,14,1.1427491862166563,0.8111437817496545
1744122173.0249844,13,2.865506858881106,1.5387429499622005
1744122173.0249844,14,1.1409695321640638,1.461735482592409
1744122173.5249844,13,2.865328032605995,2.149645561900015
1744122173.5249844,14,1.1454066114342856,2.153400214923072
1744122174.0249844,13,2.9261668748846454,2.7612931359003965
1744122174.0249844,14,1.1501055730285203,2.773334643914903
1744122174.5249844,14,1.336408663519616,-2.893338159005497
1744122175.0249844,14,1.3342615578674164,-2.3369041055807838
1744122175.5249844,14,1.6045787908697327,-2.1449084075547757
1744122176.0249844,14,1.713578863088085,-2.2914239641062855
1744122176.5249844,10,2.8108335414882855,-0.6901225548279143
1744122176.5249844,14,1.870076794180925,-2.55883479923995
1744122177.0249844,10,2.5513452969795227,-0.9465448941033083
1744122177.0249844,14,2.1134880965072513,-2.7272198343948837
1744122177.5249844,10,2.4079581225429063,-0.8494686648331459
1744122177.5249844,14,2.4478160795497157,-2.5993145380971545
1744122178.0249844,10,2.16437646892432,-0.426665648870231
1744122178.0249844,14,2.4860262919449174,-2.1579755612347666
1744122178.5249844,10,1.926772539488509,-0.1468140759688079
1744122179.0249844,9,2.92530672538603,-0.8234565587236825
1744122179.0249844,10,1.6582155161724286,-0.022697336861259805
1744122179.0249844,14,2.719842744236179,-1.9332056782692553
1744122179.5249844,9,2.803043413369864,-1.0705880123117884
1744122179.5249844,10,1.3636192320619154,-0.2155106118507635
1744122179.5249844,14,2.881307054617896,-2.139370719291737
1744122180.0249844,9,2.690355398388283,-1.6064024277241786
1744122180.0249844,10,1.2468552971109377,-0.7809807976654553
1744122180.5249844,9,2.7909620580570462,-2.3150179014000427
1744122180.5249844,10,1.2528950725237562,-1.4135301997487633
1744122181.0249844,9,2.726887090118473,-2.8699267473507204
1744122181.0249844,10,1.2603024605959658,-2.033860899668226
1744122181.5249844,9,2.7389718221997645,2.8289489751384287
1744122181.5249844,10,1.2991512480087963,-2.689845909831795
1744122182.0249844,9,2.8553400335794956,2.2458499924417774
1744122182.0249844,10,1.3230685025181161,2.9807443006543544
1744122182.5249844,9,2.9156545091658232,2.020962497095353
1744122182.5249844,10,1.5127022696791501,2.7079113488486417
1744122183.0249844,10,1.5842474432397924,2.797956153149912
1744122183.0249844,14,2.9202174834646493,1.024121524315853
1744122183.5249844,10,1.9588218811737306,2.695040674723933
1744122183.5249844,14,2.8915241457019927,0.8830134966164634
1744122184.0249844,10,2.0802970691305958,2.2733931564743517
1744122184.0249844,14,2.6506687753093057,0.5281395092543841
1744122184.5249844,10,2.1083207473255134,1.9724973104338
1744122184.5249844,14,2.4154502857590825,0.15339618034965596
1744122185.0249844,10,2.259230572490743,1.6378962875673613
1744122185.0249844,14,2.2723259009093106,-0.2357932153267095
1744122185.5249844,9,2.7882697353087207,0.8407449261070913
1744122185.5249844,10,2.2864694464011888,1.6240616330172886
1744122185.5249844,14,1.946521334460053,-0.41087127113023747
1744122186.0249844,9,2.743453043855364,1.125749984644851
1744122186.0249844,10,2.301075709169384,1.9801091686520798
1744122186.0249844,14,1.7839695652576377,-0.2992876186708201
1744122186.5249844,10,2.5880881049993367,2.6023965650113126
1744122186.5249844,14,1.465272533550318,0.2999174867761828
1744122187.0249844,9,2.763429634456153,2.4056883065970465
1744122187.0249844,10,2.7492266582926557,-3.0377968539063858
1744122187.0249844,14,1.365788192735161,0.9799135220070608
1744122187.5249844,9,2.923693428993708,3.0146998310716686
1744122187.5249844,10,2.822877102227443,-2.5109615300769303
1744122187.5249844,14,1.1987979779134212,1.6458064143082007
1744122188.0249844,10,2.8764225250962023,-1.9147623514802021
1744122188.0249844,14,1.2866541802571265,2.364518631006604
1744122188.5249844,10,2.9059209266700385,-1.6927677174834144
1744122188.5249844,14,1.5225658756807354,2.7258858895866154
1744122189.0249844,10,3.0656250774110965,-1.8034626213723157
1744122189.0249844,14,1.7005882647033144,2.7588674392099954
1744122189.5249844,14,1.7770059423468352,2.4293922607319325
1744122190.0249844,14,1.8651095390177441,1.917135986881106
1744122190.5249844,14,2.019818523327157,1.4394823610696397
1744122191.0249844,14,1.8459309956603454,0.9758819051016935
1744122191.5249844,14,1.666562893869709,0.7523117584705487
1744122192.0249844,14,1.4788254485547196,0.9280307647216393
1744122192.5249844,14,1.3624672600887118,1.4630389801521149
1744122193.0249844,14,1.5198666056820547,2.164997009560857
1744122193.5249844,14,1.5789303334895808,2.6076541602428005
1744122194.0249844,14,1.7693191797384957,2.748479098110725
1744122194.0249844,17,2.962544425479345,1.0104416336357611
1744122194.5249844,14,1.8774515432225145,2.6116852419052767
1744122194.5249844,17,2.8151655788547854,0.8677731690080353
1744122195.0249844,14,2.1436389177473933,2.1249115604910718
1744122195.0249844,17,2.7045441246755955,0.4083788043949034
1744122195.5249844,14,2.231389716536107,1.6487849432467447
1744122195.5249844,16,2.9696828748892643,0.49323373020440237
1744122195.5249844,17,2.4197360122509344,-0.17194912221095981
1744122196.0249844,14,2.171866148819537,1.1791965163112907
1744122196.0249844,16,2.7874481705426404,-0.09785371674829621
1744122196.0249844,17,2.2541494978412495,-0.8097399261206778
1744122196.5249844,14,2.0273807863561926,1.0133126771419134
1744122196.5249844,16,2.451135290685677,-0.41868781657215404
1744122196.5249844,17,2.0201884091948124,-1.2641417975356832
1744122197.0249844,14,1.920106868989384,1.1958472735513124
1744122197.0249844,16,2.2507144615467465,-0.3601871639907937
1744122197.0249844,17,2.013260176560969,-1.2240529927653103
1744122197.5249844,13,2.8764747820477132,1.1195988950072526
1744122197.5249844,16,2.0639545500132233,0.07265051525485701
1744122197.5249844,17,1.9586203963043594,-0.8623420867207332
1744122198.0249844,13,2.9163136138641472,1.7459142898828555
1744122198.0249844,14,1.9711961704718004,2.442289081726497
1744122198.0249844,16,1.950663977933163,0.6671163396559738
1744122198.0249844,17,1.7318444298786704,-0.3671253122100257
1744122198.5249844,13,2.946163282085083,2.157656021995438
1744122198.5249844,14,2.2625433661033982,2.7964286493397705
1744122198.5249844,16,1.7957887530344177,1.1332493373333299
1744122198.5249844,17,1.5279999370134927,-0.09521707300686813
1744122199.0249844,14,2.4635236457728764,2.915793960237206
1744122199.0249844,16,1.593821491597968,1.3695739131898244
1744122199.0249844,17,1.2790343318156168,-0.02633731141009921
1744122199.0249844,20,3.0458555593776153,0.7774273210806771
1744122199.5249844,14,2.70951473054194,2.736426449895351
1744122199.5249844,16,1.5480058069015616,1.2830447228816502
1744122199.5249844,17,1.1023783324048226,-0.20283205713231947
1744122199.5249844,20,2.9186734381470525,0.6392807546106336
1744122200.0249844,14,2.741454307571103,2.2250445721475027
1744122200.0249844,16,1.5603230838352344,0.7568371736300203
1744122200.0249844,17,1.0714813075577585,-0.7592285194495106
1744122200.5249844,14,2.532601116456235,1.6527196673221525
1744122200.5249844,16,1.478621280376388,0.16122847395135578
1744122200.5249844,17,1.0668046755543645,-1.3882581380151526
1744122200.5249844,20,2.83193115590639,-0.5117601050874226
1744122201.0249844,14,2.6211230420113716,1.0231427181129797
1744122201.0249844,16,1.4834241492575062,-0.41219821117288225
1744122201.0249844,17,1.0609712092821075,-2.009788815910383
1744122201.0249844,20,2.7822353559291724,-1.0992492695593283
1744122201.5249844,14,2.6147287316883947,0.43202039409676457
1744122201.5249844,16,1.4038905022920338,-1.0796075708662265
1744122201.5249844,17,1.0982661951374766,-2.6533114456734808
1744122201.5249844,20,2.688405423177928,-1.7594157291714247
1744122202.0249844,14,2.359099614149056,-0.13179383270589592
1744122202.0249844,16,1.469956247638763,-1.7333236381233832
1744122202.0249844,17,1.2300552753345184,3.010300718217877
1744122202.0249844,20,2.8095383276915813,-2.3465298550498757
1744122202.5249844,13,2.942443333016203,-1.24990180426181
1744122202.5249844,14,2.423797099646082,-0.5795856204151592
1744122202.5249844,16,1.5173756838201962,-2.2405031709562007
1744122202.5249844,17,1.2765857128596863,2.653784819704065
1744122202.5249844,20,3.0486571171016,-2.781500019722799
1744122203.0249844,13,2.983890890525874,-1.6174463904750542
1744122203.0249844,14,2.2910013821455264,-0.9611320777428228
1744122203.0249844,17,1.4816038210028721,2.31700979184689
1744122203.5249844,13,2.9697653686141168,-1.8349414383252745
1744122203.5249844,14,2.208047900217075,-1.1478054837986094
1744122203.5249844,16,1.7794156560877088,-2.8586669155375697
1744122203.5249844,17,1.681601143692679,2.3025661807102242
1744122204.0249844,14,2.106031904205965,-1.0389250397261396
1744122204.0249844,16,1.913687525772291,-2.6614985497405446
1744122204.0249844,17,1.7630130111615576,2.641895858719272
1744122204.5249844,14,1.92137055763166,-0.547905934986428
1744122204.5249844,16,2.1007178098320605,-2.1301617190113755
1744122204.5249844,17,1.9607407611381649,-3.0344763373527
1744122205.0249844,13,2.862833710446518,-0.6927206942992217
1744122205.0249844,14,1.7370370845497967,-0.05297455066186811
1744122205.0249844,16,2.2941670289457035,-1.6904848317823462
1744122205.0249844,17,2.2206623268815218,-2.5000945583412735
1744122205.5249844,14,1.4587871524181355,0.2789568596855633
1744122205.5249844,16,2.2815815392380046,-1.5568741602226412
1744122205.5249844,17,2.388291851338881,-2.334918640888171
1744122206.0249844,13,2.4685873182683733,-0.5815669400617562
1744122206.0249844,14,1.1774595708670033,0.2398902282636217
1744122206.0249844,16,2.131228356844075,-1.6919603627095074
1744122206.0249844,17,2.511307535642005,-2.480472958364294
1744122206.5249844,13,2.3546513285263355,-0.9923173374053073
1744122206.5249844,14,1.0837869170953816,-0.19046363007544131
1744122206.5249844,16,2.261718292858874,-2.1522577067533324
1744122207.0249844,14,1.1171711944340488,-0.7807875766084234
1744122207.0249844,16,2.3248545986287183,-2.7672329665337716
1744122207.0249844,17,2.674538887187877,2.7502780485019804
1744122207.5249844,13,2.3843039772141896,-2.2397544179984745
1744122207.5249844,14,1.1037092487483637,-1.4177631907614003
1744122207.5249844,16,2.3207266719175563,2.8994882393664807
1744122207.5249844,17,2.774928474724465,2.228467151081312
1744122208.0249844,13,2.4155926944512367,-2.8119402653693375
1744122208.0249844,14,1.0715254309874247,-2.0541694867386284
1744122208.0249844,16,2.468962358596796,2.297257156789122
1744122208.0249844,17,2.7363184583092464,1.63870318093547
1744122208.5249844,13,2.433948583982864,2.870771724164331
1744122208.5249844,14,1.1768522493770277,-2.6992842415456337
1744122208.5249844,16,2.5342481808508976,1.7184991905551597
1744122208.5249844,17,2.7175718552083623,1.0257642508606406
1744122209.0249844,13,2.5764553866161224,2.3032012855828157
1744122209.0249844,14,1.1996516222318694,2.980795357376207
1744122209.0249844,16,2.4815039318993977,1.2376874980872665
1744122209.0249844,17,2.7332867250964634,0.525321772445094
1744122209.5249844,13,2.742765446827824,2.050232871580716
1744122209.5249844,14,1.4031546647552051,2.715648031866455
1744122209.5249844,16,2.3772348888911536,1.0036561298885902
1744122209.5249844,17,2.54455911746807,0.2322839306367428
1744122210.0249844,13,2.713569725945823,2.1759135175489783
1744122210.0249844,14,1.5193693031102171,2.8564206891031265
1744122210.0249844,16,2.3114034202639333,1.1232478065047207
1744122210.0249844,17,2.3799842798667052,0.33585174807227053
1744122210.5249844,13,2.7228383018268754,2.676376401946973
1744122210.5249844,14,1.5970815046260225,-2.9874157675451456
1744122210.5249844,16,2.264228728006565,1.6375839554161449
1744122210.5249844,17,2.334528301826883,0.7600924348364273
1744122211.0249844,13,2.8415803329819225,-3.006417625096996
1744122211.0249844,14,1.5413330992089938,-2.3805870594107894
1744122211.0249844,16,2.356989868327945,2.266173369465221
1744122211.0249844,17,2.291120363922894,1.4238534270151073
1744122211.5249844,13,2.887806989424711,-2.4421826931457717
1744122211.5249844,14,1.6733581808552191,-1.8287534038757434
1744122211.5249844,16,2.4289029392919805,2.850105510920616
1744122211.5249844,17,2.282253103680241,2.073299897881424
1744122212.0249844,14,1.8297119248540574,-1.3290515124482865
1744122212.0249844,16,2.6345606262704204,-2.8305597968279486
1744122212.0249844,17,2.415035805616959,2.745798319085485
1744122212.5249844,14,1.6420381192774633,-0.8942807818688245
1744122212.5249844,16,2.7978657873274373,-2.260263265907233
1744122212.5249844,17,2.607396358836103,-2.947208005729145
1744122213.0249844,13,2.85966731262048,-0.8787123112094786
1744122213.0249844,14,1.4148233473387748,-0.3953344685470937
1744122213.0249844,16,2.8943096160739072,-1.774508143392567
1744122213.0249844,17,2.895996114961093,-2.437404407343588
1744122213.5249844,13,2.861757018590045,-0.5604506355212148
1744122213.5249844,14,1.3554970743700123,-0.10142036855469448
1744122213.5249844,16,2.7748242897658923,-1.4650128871578694
1744122213.5249844,17,2.858144362181826,-2.1120284913493435
1744122214.0249844,14,1.1429902953343505,-0.20415516164538555
1744122214.0249844,16,2.8783079434358947,-1.562844523586388
1744122214.5249844,13,2.6707229446135745,-1.1259516398612623
1744122214.5249844,14,1.105418363447456,-0.6306227624546202
1744122214.5249844,16,2.8691427169038524,-2.0681099736493738
1744122215.0249844,13,2.6544442229325713,-1.6678430719809523
1744122215.0249844,14,1.1034521752307724,-1.2392765658524543
1744122215.0249844,16,3.0591300802455583,-2.690500395125233
1744122215.5249844,13,2.7137760025202433,-2.344388095091021
1744122215.5249844,14,1.0721875023722522,-1.9170500340588976
1744122215.5249844,16,3.002986727704974,3.0189128932698437
1744122216.0249844,13,2.7471948335134693,-3.0060799062966406
1744122216.0249844,14,1.222847921921797,-2.584668191662429
1744122216.5249844,13,2.9853880407863405,3.0210765655332756
1744122217.0249844,14,1.3485225216243637,3.1163623319554947
1744122217.5249844,14,1.5013112121106653,-3.0763797951950234
1744122218.0249844,14,1.6702112833116745,-2.6694382147095
1744122218.5249844,14,1.814599366629637,-2.1272110149133034
1744122219.0249844,14,1.854294107673717,-1.6783482513774266
1744122219.5249844,14,1.890471337791594,-1.5219073836246786
1744122220.0249844,14,1.9664935021320744,-1.611350734137877
1744122220.5249844,14,2.004118682872628,-1.9612482913433327
1744122221.0249844,14,2.01161281958767,-2.401950336110051
1744122221.5249844,14,2.0632604575613485,-0.38024408073585375
1744122222.0249844,10,3.0372582516571605,1.5452473804700853
1744122222.0249844,14,1.7894002015770571,-0.11359836232094483
1744122222.5249844,10,2.9972608580554176,1.725662865691803
1744122222.5249844,14,1.7371883043245206,-0.011262789266117424
1744122223.0249844,10,2.9650071172845456,1.4525591632717585
1744122223.5249844,10,2.8925209047073754,0.8941408151820596
1744122223.5249844,14,1.5742336511851593,-0.8770733026367243
1744122224.0249844,10,2.8958527337421827,0.32286978986489534
1744122224.0249844,14,1.5342066690954912,-1.5627427030163994
1744122224.5249844,10,2.748895168846662,-0.2584641906845603
1744122224.5249844,14,1.5648315806157047,-2.207486567098306
1744122225.0249844,9,2.9926554526058666,-1.6064848176434823
1744122225.0249844,10,2.5410792486756297,-0.821214453402255
1744122225.0249844,14,1.7050909480926426,-2.8967798183705225
1744122226.0249844,10,2.434290385064926,-1.2779937226448972
1744122226.0249844,14,2.162292509152577,-3.093461008272759
1744122226.5249844,10,2.2603601900890133,-0.8582484213279149
1744122226.5249844,14,2.408437656099806,-2.689047849401518
1744122227.0249844,10,2.1084077044372846,-0.35667720415418014
1744122227.0249844,14,2.6566595548952128,-2.1659620164878
1744122227.5249844,10,1.863263016236424,0.1738518403621865
1744122227.5249844,14,2.688570148647915,-1.6331712221720545
1744122228.0249844,10,1.668171361025352,0.707029388364462
1744122228.0249844,14,2.7173550769365793,-1.279220214866557
1744122228.5249844,9,2.4713489229106846,0.033202636326230876
1744122228.5249844,10,1.4968967257474202,1.0137346294554643
1744122228.5249844,14,2.5450958339623084,-1.2325599087479422
1744122229.0249844,9,2.2473069574486786,-0.0917442572161511
1744122229.0249844,10,1.404889330737464,1.0448078522981699
1744122229.0249844,14,2.57423706589049,-1.4500598426821842
1744122229.5249844,9,2.1282496960744273,-0.048403858352184394
1744122229.5249844,10,1.3122557431139807,1.209119408762365
1744122229.5249844,11,3.038656990727253,-0.40789372038800764
1744122229.5249844,14,2.3997875765057755,-1.4476666565079284
1744122230.0249844,9,1.9215200497891904,0.40294907751717823
1744122230.0249844,10,1.2957842206936332,1.8070180440273893
1744122230.0249844,11,2.887552153547171,0.014998136866244183
1744122230.0249844,14,2.467463783070031,-1.078786961349227
1744122230.5249844,9,1.8492881975118578,1.0701742227712003
1744122230.5249844,10,1.3033113626237325,2.4765039012621255
1744122230.5249844,11,2.730614806903377,0.6443017552828337
1744122230.5249844,14,2.3258592839796,-0.5159588085555267
1744122231.0249844,9,1.8928146749177024,1.70874128523952
1744122231.0249844,10,1.4609346026107204,3.066980548059331
1744122231.0249844,11,2.7145946778623693,1.2091052442294172
1744122231.0249844,14,2.211592094950618,0.054194501230649186
1744122231.5249844,9,1.9559103156288231,2.1021146169775844
1744122231.5249844,10,1.6378619630624576,-2.8946938149823427
1744122231.5249844,11,2.6814785916849004,1.6206356248040594
1744122231.5249844,14,2.058116492114892,0.37896390433514837
1744122232.0249844,9,1.9941809819334428,2.292120214610559
1744122232.0249844,10,1.9190524638327349,-2.8429009860375203
1744122232.0249844,11,2.704808985493238,1.7296922810446644
1744122232.0249844,14,1.8903503641558392,0.504472726768147
1744122232.5249844,9,2.1330924052006415,2.229962552249122
1744122232.5249844,10,2.091815938486967,-3.032397972478918
1744122232.5249844,11,2.7371048697589924,1.6974509821473278
1744122233.0249844,9,2.3179582798607523,2.092300147145302
1744122233.0249844,10,2.458229218679999,2.993000615110184
1744122233.0249844,11,2.8765874713654993,1.5933118059326061
1744122233.0249844,13,2.793105521051338,0.8253291304238537
1744122233.0249844,14,1.342988632773858,0.2655029452531278
1744122233.5249844,9,2.4673645290396626,1.6468861934964927
1744122233.5249844,10,2.4556672919556317,2.5199001358711217
1744122233.5249844,11,2.6237116664642564,1.1718328491439485
1744122233.5249844,13,2.651223787377366,0.3257981478156282
1744122233.5249844,14,1.222432497752595,-0.2381961963916962
1744122234.0249844,9,2.274991407179296,1.051627183164049
1744122234.0249844,10,2.5987349526163794,1.9240186998823048
1744122234.0249844,11,2.7169418353004513,0.5585371418545426
1744122234.0249844,13,2.748013174414947,-0.23615716272525092
1744122234.0249844,14,1.0605248699612138,-0.8212024892900038
1744122234.5249844,9,2.3508661397101185,0.49583139803818005
1744122234.5249844,10,2.493870883428851,1.3699582002508164
1744122234.5249844,11,2.608125200859972,0.0030710378195583712
1744122234.5249844,13,2.6122534735462724,-0.9011713694164682
1744122234.5249844,14,1.1356318158037189,-1.464177916414368
1744122235.0249844,9,2.2771020719503268,-0.12189096824352419
1744122235.0249844,10,2.5113596883580596,0.7809543688846683
1744122235.0249844,11,2.5648071169566404,-0.6161264454748955
1744122235.0249844,13,2.6834370660733255,-1.4797235041755232
1744122235.0249844,14,1.2229837797640544,-2.0778926422196626
1744122235.5249844,9,2.2111081032387148,-0.713090530722068
1744122235.5249844,11,2.5990384663643025,-1.2360653532919583
1744122235.5249844,13,2.5806828663971713,-2.1451510100517743
1744122235.5249844,14,1.2320452961120711,-2.769140379785105
1744122236.0249844,9,2.1121356510585607,-1.3393398071042655
1744122236.0249844,10,2.314605090913263,-0.37418461881523435
1744122236.0249844,11,2.4788200235659046,-1.8857892631337971
1744122236.0249844,13,2.615392916222256,-2.7132623928246047
1744122236.0249844,14,1.3299599149406522,2.950740435255302
1744122236.5249844,9,2.1527432528609673,-1.7419794636488426
1744122236.5249844,10,2.1721104042359434,-0.7409579145821179
1744122236.5249844,11,2.5922815667525754,-2.221096386652146
1744122236.5249844,13,2.8543888902789245,-3.071804752140752
1744122236.5249844,14,1.4833787370419227,2.673862559865764
1744122237.0249844,9,2.1122119085412487,-1.695766756765166
1744122237.0249844,10,2.0968990954293205,-0.6748755644968558
1744122237.0249844,11,2.7275604371638673,-2.2015701129779166
1744122237.0249844,14,1.6348932737593558,2.7632235366338316
1744122237.5249844,9,2.148358569874907,-1.3909881265858586
1744122237.5249844,10,1.896255449266585,-0.3032361054319891
1744122237.5249844,11,2.849478752708409,-1.8166351492344956
1744122237.5249844,14,1.844278659821516,-3.0135799101057112
1744122238.0249844,9,1.9996367631058356,-0.8827945393319111
1744122238.0249844,10,1.6687981042282363,0.23425391419991975
1744122238.0249844,11,2.881977312812495,-1.336100129259928
1744122238.0249844,14,1.936481522588916,-2.4874840410860384
1744122238.5249844,9,1.9643455087066495,-0.7140689691718916
1744122238.5249844,10,1.4989051564773723,0.6394310674029017
1744122238.5249844,11,2.732434766310665,-1.1760981088506615
1744122238.5249844,14,2.2503079692175785,-2.3144566187108664
1744122239.0249844,10,1.2053889640465518,0.8975762126853329
1744122239.0249844,11,2.6760758255846184,-1.1161210013840306
1744122239.0249844,14,2.5175568583710706,-2.264888882117371
1744122239.5249844,9,1.587236562945281,-0.31460566389335304
1744122239.5249844,10,1.2193661572268666,1.4005031884384127
1744122239.5249844,11,2.515482074804265,-0.750808592005997
1744122239.5249844,14,2.4062539161548733,-1.9063121154372438
1744122240.0249844,9,1.4805368110436292,0.30317660462344753
1744122240.0249844,10,1.1582612385847884,2.0841883614690184
1744122240.0249844,11,2.4986926845256705,-0.14713192318031984
1744122240.0249844,14,2.447159067011356,-1.326908189931081
1744122240.5249844,9,1.3100850093508472,0.9407977777585821
1744122240.5249844,10,1.2475583132210755,2.6986415948707303
1744122240.5249844,11,2.3518424552183994,0.4630169331391068
1744122240.5249844,14,2.6095377056346103,-0.7934302907537909
1744122241.0249844,9,1.412120852095954,1.5885409955698275
1744122241.0249844,10,1.413653226302745,-2.9577090550699374
1744122241.0249844,11,2.3408143029390316,1.0430587101918887
1744122241.0249844,14,2.322066514900521,-0.18738730534383186
1744122241.5249844,9,1.445834396239847,2.106776653218682
1744122241.5249844,10,1.5485493218475048,-2.6045476047816196
1744122241.5249844,11,2.1757972726804615,1.5613454512350071
1744122241.5249844,14,2.1386954382439307,0.24485595654055492
1744122242.0249844,9,1.5668830603247628,2.619154664183346
1744122242.0249844,10,1.779164133974432,-2.2659554019429753
1744122242.0249844,11,2.3269018256769534,2.0900830433347326
1744122242.0249844,14,2.001799999424298,0.7259836778554152
1744122242.5249844,9,1.7813050873075649,-3.034795825488244
1744122242.5249844,10,1.6860997012982615,-1.7438781110122474
1744122242.5249844,11,2.4726885097270213,2.6872161454759285
1744122242.5249844,14,1.9072897904328463,1.3323862176608354
1744122243.0249844,9,1.913973498384843,-2.4606791592615505
1744122243.0249844,10,1.7814880747458075,-1.2292404882015788
1744122243.0249844,11,2.55449754782426,-2.986756093313479
1744122243.0249844,14,1.9548942945049406,2.059485868786393
1744122243.5249844,9,2.0121092878962474,-1.9524600024709449
1744122243.5249844,10,1.6199752732195127,-0.7355007287453632
1744122243.5249844,11,2.9351223097738823,-2.367193322109227
1744122243.5249844,14,2.1544407206804044,2.7356992838278265
1744122244.0249844,9,2.061251928593383,-1.4800435131851046
1744122244.0249844,10,1.4589532947140122,-0.27868212481434684
1744122244.0249844,11,2.944495352556212,-1.9165437988972793
1744122244.0249844,14,2.3415864601661784,-2.968522900268573
1744122244.5249844,9,2.0589603803303698,-1.258829223919969
1744122244.5249844,10,1.2525217621504772,0.009018746062141075
1744122244.5249844,11,3.046285413381333,-1.6316240123063208
1744122244.5249844,14,2.507865817077913,-2.695642411724837
1744122245.0249844,9,1.967239510477683,-1.4480781258885187
1744122245.0249844,10,1.040879912743985,-0.026138449882889735
1744122245.0249844,11,2.899993469826484,-1.771462884466949
1744122245.0249844,14,2.700741318854661,-2.750511126918637
1744122245.5249844,9,1.9032946378903226,-1.8914914296274552
1744122245.5249844,10,1.0157827246638529,-0.4419440449143019
1744122245.5249844,14,2.6980820934530274,3.089650775044397
1744122246.0249844,9,2.0087300134881545,-2.486021836386676
1744122246.0249844,10,0.9948145162972165,-1.0645369838659502
1744122246.0249844,14,2.80293137644262,2.4941553614398733
1744122246.5249844,9,1.960423582387169,-3.0521750937997947
1744122246.5249844,10,0.933267597140782,-1.7218710198005187
1744122246.5249844,14,2.77650464016366,1.9010613842807744
1744122247.0249844,9,2.039710418227496,2.540773740101228
1744122247.0249844,10,0.9338081463758323,-2.3605665212880993
1744122247.0249844,14,2.755473240864281,1.2984057376082117
1744122247.5249844,9,2.2281088479167277,2.040322855062541
1744122247.5249844,10,1.121403401147545,-3.021729807726823
1744122247.5249844,14,2.7810625465518686,0.7234518938899049
1744122248.0249844,9,2.2526334930628162,1.4894610164226252
1744122248.0249844,10,1.2554186259223301,2.7062256270173934
1744122248.5249844,9,2.106002024382053,1.2678262564790324
1744122248.5249844,10,1.2654693813074482,2.471551592749986
1744122248.5249844,14,2.4575846223088833,-0.11321842045182348
1744122249.0249844,9,2.2616488470572325,1.3797316372939201
1744122249.0249844,10,1.456287835942028,2.59498287542271
1744122249.0249844,11,2.9772175117389894,1.041623300065595
1744122249.5249844,9,2.0508089023524008,1.82336018125547
1744122249.5249844,10,1.416943394229956,3.0195232523025113
1744122249.5249844,11,3.0231747855571003,1.4095225823359283
1744122249.5249844,14,2.161256858669649,0.3699169737670748
1744122250.0249844,9,2.1080564763503906,2.4524242736377952
1744122250.0249844,10,1.5922937818943574,-2.654856472363986
1744122250.0249844,11,2.998938481533244,2.049115384697694
1744122250.0249844,14,2.239101262837611,0.947610362863371
1744122250.5249844,9,2.2768891080138722,3.112448410191108
1744122250.5249844,10,1.7921223479858315,-2.11123115341407
1744122250.5249844,14,2.0985505410227705,1.5998297142298685
1744122251.0249844,9,2.3052927515857204,-2.614858323370886
1744122251.0249844,14,2.310410560150553,2.242731165385921
1744122251.5249844,9,2.4127463825602367,-2.041064911331793
1744122251.5249844,10,1.6238879464309433,-0.9900005709854658
1744122251.5249844,14,2.278939408957342,2.8558062689825565
1744122252.0249844,9,2.3600347341080363,-1.512324666474194
1744122252.0249844,10,1.566244660156692,-0.450300001491855
1744122252.0249844,14,2.2762306031277877,-2.833180228649553
1744122252.5249844,9,2.3759776092343565,-1.2829513955804193
1744122252.5249844,10,1.418010866579935,-0.21044809945612958
1744122252.5249844,14,2.646094434979568,-2.626512668523949
1744122253.0249844,9,2.246328813541824,-1.4705456493347417
1744122253.0249844,10,1.1636991271974764,-0.3289824701462978
1744122253.0249844,14,2.6316241464469843,-2.6812322469421206
1744122253.5249844,9,2.2984427521251702,-1.3417224331763666
1744122253.5249844,10,0.9998457700776114,-0.179880388146507
1744122253.5249844,14,2.8296524461842383,-2.5030257738925576
1744122254.0249844,9,2.218471685281044,-0.8817468396329645
1744122254.0249844,10,1.0897384698014674,0.33849445390385235
1744122254.0249844,14,2.937057111402733,-2.0288717776446457
1744122254.5249844,9,2.3046238384844044,-0.2759340912785231
1744122254.5249844,10,1.0367069376901026,0.9434511423633237
1744122254.5249844,14,2.937437410014132,-1.4321418573077884
1744122255.0249844,9,2.2473085403623947,0.3550110685604616
1744122255.0249844,10,1.0167656732593262,1.5536665734274437
1744122255.0249844,14,2.826865492787153,-0.8736246188606428
1744122255.5249844,9,2.1401695949759656,0.9555885317861207
1744122255.5249844,10,1.0177590056442998,2.1929834828223256
1744122255.5249844,14,2.823797649241508,-0.2659404376348675
1744122256.0249844,9,2.1590817336029655,1.6127748001864064
1744122256.0249844,10,1.0536674498625915,2.841119188518521
1744122256.0249844,14,2.7290185120266646,0.32771484280130636
1744122256.5249844,9,2.2314731516884847,2.252334943633737
1744122256.5249844,10,1.1998462375078804,-2.8569808480317422
1744122256.5249844,14,2.6389299946978064,0.9724346304071283
1744122257.0249844,9,2.313782214913098,2.850501965837803
1744122257.0249844,10,1.297140370770387,-2.326553241163308
1744122257.0249844,14,2.5156477992497703,1.5681189331966867
1744122257.5249844,9,2.490863696568657,-3.133824980148116
1744122257.5249844,14,2.6367056216313665,1.9343707316082515
1744122258.0249844,9,2.6981292607831238,-3.0669682705695887
1744122258.0249844,10,1.457910561322345,-2.126429614626383
1744122258.0249844,14,2.6003151337100476,2.1185873596776634
1744122258.5249844,9,2.8323233099241087,-2.65321736084307
1744122258.5249844,10,1.5419040231727341,-1.891947805734962
1744122258.5249844,14,2.837443134455027,2.5044015294140713
1744122259.0249844,10,1.6932845509244947,-1.4220854895613726
1744122259.0249844,14,2.834983797200192,3.0754747560421056
1744122259.5249844,10,1.531841339831784,-1.1606184590381423
1744122260.0249844,10,1.4720236294768383,-0.8921948306224096
1744122260.5249844,10,1.3419178737592,-0.9177636909625905
1744122261.0249844,10,1.2337756024746496,-1.263012747361869
1744122261.5249844,10,1.2827683484476813,-1.9315812974458044
1744122262.5249844,10,1.484465716220526,-1.0442183018688083
1744122263.0249844,10,1.3497186053803734,-1.0922912743563717
1744122263.5249844,10,1.3469505104112942,-1.2409241350301328
1744122264.5249844,10,1.343468827392503,-2.414909503901146
1744122265.0249844,10,1.455058298159705,-2.9796534359941234
1744122265.5249844,10,1.3670789762765412,-0.9281721518462313
1744122266.0249844,10,1.4494212729127105,-1.620169751597918
1744122266.5249844,10,1.4930262160668728,-2.1534628814719046
1744122267.0249844,10,1.624237042028441,-2.5201791357597028
1744122267.5249844,10,1.6994950676316445,-2.9526545346185635
1744122268.0249844,10,1.5705014974834703,-0.019341397045577323
1744122268.5249844,10,1.5382206017377424,0.11996525346080476
1744122269.0249844,10,1.2529419269794333,-0.185219076100152
1744122270.0249844,10,1.22939685673957,-1.4617685941563419
1744122270.5249844,10,1.2180964627455835,-2.168209819063413
1744122271.0249844,10,1.288011433843198,-2.795104009226456
1744122271.5249844,10,1.4562891238884896,-3.123803522394772
1744122272.0249844,10,1.652006707542236,-3.071985365254686
1744122272.5249844,10,1.7774676214428047,3.0367204870719644
1744122273.0249844,10,1.7908367870795556,2.594480287001869
1744122273.5249844,10,1.8815490150741705,2.026459160247272
1744122274.0249844,10,1.8486466156873391,0.1523812773419256
1744122275.5249844,10,1.315761189285104,0.3931220183974863
1744122276.0249844,10,1.2036764466506578,1.048077007296375
1744122276.5249844,10,1.267231426926389,1.731569589163945
1744122277.0249844,10,1.1976535157347723,2.3697110979490073
1744122278.0249844,10,1.4846740819240263,3.014069274041152
1744122278.5249844,10,1.548410928113262,0.525911291293748
1744122279.0249844,10,1.4269170015501371,0.15543558189881496
1744122279.5249844,10,1.3498077060861753,-0.042499683908890466
1744122280.0249844,10,1.225476437461014,0.08255807019743723
1744122280.5249844,10,1.1553426798603996,0.6089775862363564
1744122281.0249844,10,1.1473197154860146,1.2771844183247993
1744122281.5249844,10,1.1242897947069994,1.8969156378176877
1744122282.0249844,10,1.2142835217188743,2.5719044731340386
1744122282.5249844,10,1.2939749645127032,2.8860981626249633
1744122283.0249844,10,1.451438625672046,3.0581884201333973
1744122283.5249844,10,1.4121328927529828,-0.5777896505896575
1744122284.0249844,10,1.2745570162387265,-1.1527953665346933
1744122284.5249844,10,1.3067706361546099,-1.8299124962946893
1744122285.0249844,10,1.2514892832988669,-2.475329855831403
1744122285.5249844,10,1.3790846826293908,-3.1276878953162086
1744122286.0249844,10,1.4903697635783046,2.55095043882068
1744122286.5249844,10,1.6016042787447629,-2.5049684344601877
1744122287.0249844,10,1.6203450989525332,-2.1843133093750633
1744122287.5249844,10,1.5269733021299197,0.22247575563845587
1744122288.0249844,10,1.4945151899248297,-0.337440378672144
1744122288.5249844,10,1.445479203302462,-0.6669589848306231
1744122289.0249844,10,1.387854730433427,-0.6194946844635343
1744122289.5249844,10,1.3447708841326822,-0.18358398081311597
1744122290.0249844,10,1.3006907244375887,0.43866725629587466
1744122290.5249844,10,1.1491610828576306,1.030790388894823
1744122291.0249844,10,1.2198499382293122,1.716316726125603
1744122291.5249844,10,1.3150205670789934,2.4169014566632097
1744122292.0249844,10,1.3653677117838385,3.0508058877685835
1744122292.5249844,10,1.4364291369893594,-2.64528409743473
1744122293.0249844,10,1.5281238991521522,-1.5832267373322348
1744122293.5249844,10,1.539882713240126,-1.4355496165163966
1744122294.0249844,10,1.4583956981389505,-1.4339291540723824
1744122294.5249844,10,1.5396255605192586,-1.6815155546855705
1744122295.0249844,10,1.5595073016646748,-2.176840562997595
1744122295.5249844,10,1.7147514595652016,-2.287323215067627
1744122296.0249844,10,1.8204160501972475,-2.148366472816721
1744122296.5249844,10,1.927066442655451,-1.777341554921049
1744122297.5249844,10,1.9508322694864344,-0.8022617704907321
1744122298.0249844,10,1.7398878263641837,-0.19998607223502973
1744122299.0249844,9,2.929090607036836,0.6604607825009335
1744122299.0249844,10,1.1254994935809066,0.04697969003804745
1744122299.5249844,9,2.6978812795534717,0.3995612277447821
1744122299.5249844,10,1.0142942845193683,-0.26171814941975535
1744122300.0249844,9,2.837702547764589,-0.1593149679712985
1744122300.0249844,10,1.0477517323468861,-0.8567075194982221
1744122300.5249844,9,2.677657382427555,-0.8424323185686834
1744122300.5249844,10,0.9888419797987903,-1.5072211091230716
1744122301.0249844,9,2.713187712173554,-1.4067324226879212
1744122301.0249844,10,0.9646501375437658,-2.128543563146753
1744122301.5249844,9,2.7781727091464865,-2.020195685828249
1744122301.5249844,10,1.1378661316936851,-2.790368589130311
1744122302.0249844,9,2.7396351057646826,-2.6039067638068514
1744122302.0249844,10,1.1949665955513549,2.894952002423362
1744122302.5249844,9,2.880786213308544,-3.001969080180757
1744122302.5249844,10,1.2953317150028143,2.645109224027906
1744122303.0249844,10,1.4119076779865876,2.7471499800429715
1744122303.5249844,10,1.4296019501910837,-3.0382829790273154
1744122304.0249844,10,1.6621456460595299,-2.4376076664808286
1744122304.5249844,10,1.5794543113704662,-1.8967697767909952
1744122305.0249844,10,1.6613912475590384,-1.394687479118249
1744122305.5249844,9,3.0399242016330463,-0.16200859273774657
1744122305.5249844,10,1.5056634752662958,-0.9199355361451573
1744122306.0249844,9,2.7496265295129114,0.37003791460402113
1744122306.0249844,10,1.451012310009834,-0.46705896539358266
1744122306.5249844,8,2.9826083794537834,1.295437900911362
1744122306.5249844,9,2.5779894182745298,0.701870792264285
1744122306.5249844,10,1.2761543341121222,-0.19688192662042706
1744122307.0249844,8,3.0040299228371303,1.2649568176230508
1744122307.0249844,9,2.5298216094191415,0.6723406102712455
1744122307.0249844,10,1.1528922531371608,-0.3506697544716441
1744122307.5249844,8,2.874203373633652,0.8393840610131507
1744122307.5249844,9,2.3995084412292296,0.19863542476242282
1744122307.5249844,10,1.105076588452038,-0.8278182270327865
1744122308.0249844,8,2.831083811660648,0.3075502655828582
1744122308.0249844,9,2.356171931928828,-0.4147611791374887
1744122308.0249844,10,1.001725745395932,-1.453181530855895
1744122308.5249844,8,2.838476658038572,-0.36390719749222006
1744122308.5249844,9,2.3693998133642533,-1.00715470059591
1744122308.5249844,10,1.0700881006870402,-2.1224639613459106
1744122309.0249844,8,2.805991088034317,-0.9687274094427326
1744122309.0249844,9,2.2392904355350898,-1.6096973215538708
1744122309.0249844,10,1.0840097209652102,-2.734653936855532
1744122309.5249844,8,2.6411303603912213,-1.3255980636608042
1744122309.5249844,9,2.3596630592821795,-1.9986357433748208
1744122309.5249844,10,1.2795843916906748,-3.0927534452161973
1744122310.0249844,8,2.671076091595829,-1.3624108509273039
1744122310.0249844,9,2.4870083577362783,-2.039484300822548
1744122310.0249844,10,1.4899192546410858,-3.1363299647524685
1744122310.5249844,8,2.6021309270173094,-1.1326683063207308
1744122310.5249844,9,2.467593497768741,-1.8069271072576312
1744122310.5249844,10,1.6232774673298875,-2.8474244302337097
1744122311.0249844,8,2.5532385556370953,-0.5847566313133321
1744122311.0249844,9,2.5124681905434154,-1.3401619720548954
1744122311.0249844,10,1.636994600675519,-2.313684492557021
1744122311.5249844,8,2.2971092464281107,-0.03020316440391859
1744122311.5249844,9,2.426758014195474,-0.7932859297368666
1744122311.5249844,10,1.8231260956494557,-1.7841058662679155
1744122312.0249844,8,2.155141908506563,0.5741287702683768
1744122312.0249844,9,2.2342956910673633,-0.28034603442737643
1744122312.0249844,10,1.9440560796330355,-1.2950307237591674
1744122312.5249844,8,1.895052999893107,0.9343965535113157
1744122312.5249844,9,1.9416308807269516,0.04991898195144802
1744122312.5249844,10,1.8207691059988622,-1.1856041543574765
1744122313.0249844,8,1.73948281672001,1.0109402855860337
1744122313.0249844,9,1.707345659314488,-0.05172447956851998
1744122313.0249844,10,1.7527831447899476,-1.4271472693635214
1744122313.0249844,11,2.822614472466749,0.1489551351310731
1744122313.5249844,8,1.6276782207388356,0.6619904968529119
1744122313.5249844,9,1.3745549934643628,-0.5006578146174793
1744122313.5249844,10,1.6763703600083444,-1.9331513900347257
1744122313.5249844,11,2.590994090682132,-0.21663482450228128
1744122314.0249844,8,1.499015802793267,0.17878069553495743
1744122314.0249844,9,1.3466844988494895,-1.2106478815954922
1744122314.0249844,10,1.8094383620179295,-2.6127892318223447
1744122314.0249844,11,2.5245710536117874,-0.8519632501245349
1744122314.5249844,8,1.4775238195091174,-0.44032651072109275
1744122314.5249844,9,1.32628018146006,-1.821573930385386
1744122314.5249844,10,1.8122444007369567,3.0548894039367847
1744122314.5249844,11,2.3828303452538075,-1.4552113420704944
1744122315.0249844,8,1.428663046605601,-1.0620582770583933
1744122315.0249844,9,1.3531298929310989,-2.4485028916537424
1744122315.0249844,10,1.7603902325901568,2.4717286073094678
1744122315.0249844,11,2.5435626952405794,-2.0726654849623203
1744122315.5249844,7,2.9834689183707663,-1.2092594212837746
1744122315.5249844,8,1.3476980399404201,-1.70506454757089
1744122315.5249844,9,1.4673176924547353,-3.12567399763201
1744122315.5249844,10,2.086619577560813,1.9354365799508224
1744122315.5249844,11,2.590614010712129,-2.7237285618855354
1744122316.0249844,7,3.056439017507197,-1.8468145877415145
1744122316.0249844,8,1.4324096919336966,-2.366676024463961
1744122316.0249844,9,1.5337580385077278,2.6507051918611495
1744122316.0249844,10,1.9184417987302484,1.378564039942965
1744122316.0249844,11,2.696545388975145,3.014900952686737
1744122316.5249844,8,1.6743818534230674,-2.750625875194343
1744122316.5249844,9,1.7440103932091957,2.421623655762438
1744122316.5249844,10,1.864691422592231,1.172867880298256
1744122316.5249844,11,2.8780102402145076,2.6574463262548873
1744122317.0249844,8,1.6683374877646169,-2.730188442807623
1744122317.0249844,9,1.895578529105659,2.512434257933244
1744122317.0249844,10,1.9278896367393838,1.3102449565949434
1744122317.5249844,8,1.8077444879272722,-2.8961274323392616
1744122317.5249844,9,1.8853654077174022,2.38594864789384
1744122317.5249844,10,1.8608645083154354,1.2152805523717318
1744122318.0249844,8,1.842135751251592,2.9066757619237547
1744122318.0249844,9,1.8512016536187754,1.895379497364775
1744122318.0249844,10,1.761739857813997,0.7503841622458824
1744122318.5249844,8,1.803520289745598,2.3069109637569682
1744122318.5249844,9,1.9021668453961218,1.3687450709122795
1744122318.5249844,10,1.756784607959089,0.17823091355623366
1744122319.0249844,8,1.9210332177100642,1.7639984069345302
1744122319.0249844,9,1.9384599503797029,0.780248225927009
1744122319.0249844,10,1.645345919162768,-0.44895014797100524
1744122319.5249844,8,2.0218284370779434,1.2412633785964655
1744122319.5249844,9,1.7776030505183134,0.2744366695396482
1744122319.5249844,10,1.6266971906889627,-1.1070932580617698
1744122320.0249844,8,1.8616584080901748,0.6710452384169923
1744122320.0249844,9,1.6615365944903335,-0.33989930046462624
1744122320.0249844,10,1.4736633995184862,-1.7871511018632196
1744122320.0249844,11,2.8284184058229656,-0.14139429681596022
1744122320.5249844,8,1.7833933348474342,0.11471373720017422
1744122320.5249844,9,1.6920373629328185,-0.9862338280674957
1744122320.5249844,10,1.5704380749066982,-2.4201015782061654
1744122320.5249844,11,2.745225369893605,-0.7930663117357615
1744122321.0249844,8,1.6722108830825424,-0.5244071911005769
1744122321.0249844,9,1.6333313398712104,-1.6728735718770604
1744122321.0249844,10,1.719695465575672,-3.0546768418909727
1744122321.0249844,11,2.7895856043212746,-1.3668620397075364
1744122321.5249844,8,1.461429919806787,-1.180781384441941
1744122321.5249844,9,1.6831494357310148,-2.360126930035193
1744122321.5249844,10,1.8353346668955157,2.6372286607923177
1744122321.5249844,11,2.7098484374265053,-2.0346976490410222
1744122322.0249844,7,2.9912423387220803,-1.3024052846994651
1744122322.0249844,8,1.5199496082199537,-1.8746306380840216
1744122322.0249844,9,1.8571503020473596,-2.975835137617035
1744122322.0249844,10,2.0442849198753152,2.1163851767723423
1744122322.0249844,11,2.8595773619965423,-2.692084249230358
1744122322.5249844,7,2.9389631629895323,-1.6841839902253422
1744122322.5249844,8,1.6043076606471587,-2.297348321056532
1744122322.5249844,9,2.045516813145332,2.9894474915856035
1744122322.5249844,10,2.1416308488438793,1.9650269722328313
1744122323.0249844,7,3.0254241101608055,-1.6846688133733136
1744122323.0249844,8,1.7868747649361323,-2.36358247331765
1744122323.0249844,9,2.2728163332297906,3.0547701374215275
1744122323.0249844,10,2.238790277223103,2.0657792769234438
1744122323.5249844,7,2.945596660243348,-1.3681208986798798
1744122323.5249844,8,1.9731666091345823,-2.0724957772993333
1744122323.5249844,9,2.6011896486931674,-2.8229644986489406
1744122323.5249844,10,2.3884188030472933,2.5520864470820226
1744122324.0249844,7,2.990124897669786,-0.8337076744480368
1744122324.0249844,8,1.9958824324519238,-1.6039177130502733
1744122324.0249844,9,2.589388713237222,-2.273405232214226
1744122324.0249844,10,2.475873152295201,-3.121289646016545
1744122324.5249844,7,2.7513128040351047,-0.2789867779852344
1744122324.5249844,8,1.9742443995755856,-1.0474329202510473
1744122324.5249844,9,2.7400791329599157,-1.7391352268657716
1744122324.5249844,10,2.8303363775423214,-2.5784399045720234
1744122325.0249844,7,2.4317468833393914,0.2903115001040995
1744122325.0249844,8,1.795177886129568,-0.5358065047895471
1744122325.0249844,9,2.7012104310225573,-1.2335252280948967
1744122325.0249844,10,2.836483189804071,-1.976433350574008
1744122325.5249844,6,2.864112599169648,0.7558895067301372
1744122325.5249844,7,2.4410429810595957,0.9488322964552685
1744122325.5249844,8,1.6599467159136474,0.028616388327949174
1744122325.5249844,9,2.693107041956347,-0.6804570697515488
1744122325.5249844,10,2.928150860832156,-1.483695183084852
1744122326.0249844,6,2.8902750111831383,1.425411051362711
1744122326.0249844,7,2.3068645915560086,1.601309446367163
1744122326.0249844,8,1.4883160597408536,0.6464574478292331
1744122326.0249844,9,2.6305035348428794,-0.1457029030605863
1744122326.0249844,10,2.8972784269727145,-0.9476236138122158
1744122326.5249844,6,2.9327194797764786,2.104888702180981
1744122326.5249844,7,2.3112736519392563,2.2673689112616775
1744122326.5249844,8,1.380142659283997,1.326407392398106
1744122326.5249844,9,2.2984150131975243,0.4815837437610648
1744122326.5249844,10,2.6958738882547943,-0.3679938260042471
1744122327.0249844,7,2.573925364460749,2.8195258593455508
1744122327.0249844,8,1.4074835271584651,2.050104328984104
1744122327.0249844,9,2.1764467102279195,1.0639119608198013
1744122327.0249844,10,2.519192889118487,0.1502200325200476
1744122327.5249844,7,2.693815192675903,-3.1258488207138533
1744122327.5249844,8,1.4852178254883779,2.4236247093951957
1744122327.5249844,9,2.0707155489125295,1.4469547851512488
1744122328.0249844,7,2.8318359303019993,-3.070259618123669
1744122328.0249844,8,1.6459095578127765,2.533774067684887
1744122328.0249844,9,2.0190067992637677,1.5364918210916791
1744122328.0249844,10,2.080963852762258,0.4817695749901352
1744122328.5249844,8,1.7111463321372204,2.3223222930195093
1744122328.5249844,9,2.0090144610740417,1.4150889757194163
1744122328.5249844,10,1.8863948651594415,0.27605135830980554
1744122329.0249844,8,1.98567483789802,1.870365583062766
1744122329.0249844,10,1.810043242239002,-0.3211948210253113
1744122329.5249844,8,1.9819647043241038,1.333327261694347
1744122329.5249844,9,1.7856966621886294,0.3742366202769526
1744122329.5249844,10,1.623300559043331,-0.9770123943472678
1744122330.0249844,8,1.8194674459506817,0.7917449508721421
1744122330.0249844,9,1.7785275640169793,-0.21789744790339072
1744122330.0249844,10,1.6052386285215539,-1.64379246419874
1744122330.0249844,11,2.905541190901963,-0.007860670310664244
1744122330.5249844,8,1.7478472931546332,0.24049933835745083
1744122330.5249844,9,1.5069361642907841,-0.8471097867157528
1744122330.5249844,10,1.5827287758036772,-2.317883603548716
1744122330.5249844,11,2.902048549821248,-0.6357655539707475
1744122331.0249844,8,1.6528465967642374,-0.3664601404656327
1744122331.0249844,9,1.492084607292722,-1.5460323793120387
1744122331.0249844,10,1.710289727454312,-2.971113551217243
1744122331.0249844,11,2.680661169032656,-1.2647628764593386
1744122331.5249844,9,1.5272106075194,-2.2548898984776224
1744122331.5249844,10,1.8679473105972586,2.710620026574421
1744122331.5249844,11,2.4788459588884364,-1.9507303397594213
1744122332.0249844,8,1.515435104912605,-1.6665103057828632
1744122332.0249844,9,1.5914789735084873,-2.883063274973278
1744122332.0249844,10,2.0528646211638306,2.1282691655605337
1744122332.0249844,11,2.6831170716758503,-2.540898380693533
1744122332.5249844,7,3.022358091887156,-1.7778685447331326
1744122332.5249844,8,1.4988527943619452,-2.321354859669995
1744122332.5249844,9,1.735292094565692,2.8065074203080274
1744122332.5249844,10,1.9393741201418238,1.6115512402535077
1744122332.5249844,11,2.731746504626404,3.119356616142617
1744122333.0249844,7,3.025635464471885,-2.3926284843833243
1744122333.0249844,8,1.5861690651705154,-2.9777930150215646
1744122333.0249844,9,1.7896236981193678,2.1950147101115767
1744122333.0249844,10,1.940679311000496,1.0869321686291438
1744122333.0249844,11,2.8678171633112366,2.5089619008599557
1744122333.5249844,8,1.7087982656942033,2.707122359729621
1744122333.5249844,9,1.9157959714343387,1.6715270912678706
1744122333.5249844,10,1.9292230526747631,0.5210640378494313
1744122334.0249844,8,1.8970137455881477,2.1789978500332423
1744122334.0249844,9,1.8885036209573982,1.2228328101424757
1744122334.0249844,10,1.7789278720466943,0.012948805988663575
1744122334.5249844,8,1.9229266302884624,1.6389309983389941
1744122334.5249844,9,1.8811242881772396,0.6580587248478695
1744122334.5249844,10,1.6178886618315416,-0.6451997859905249
1744122335.0249844,8,1.7637006582015649,1.0520930264124566
1744122335.0249844,9,1.726464185163068,0.04275801929927299
1744122335.0249844,10,1.4878224528695525,-1.2902996526526775
1744122335.0249844,11,2.8467713241071433,0.25003072880233745
1744122335.5249844,8,1.8903947005537554,0.5019220926737792
1744122335.5249844,9,1.643967828794884,-0.519048222643292
1744122335.5249844,10,1.6043898852287928,-1.9017054447893778
1744122335.5249844,11,2.885704289639738,-0.3567423792477362
1744122336.0249844,8,1.7627603846334734,-0.07485640894493986
1744122336.0249844,9,1.59900228433494,-1.1305846625010771
1744122336.0249844,10,1.5232305829281627,-2.5523011621377667
1744122336.0249844,11,2.8218614113483715,-0.965435219358711
1744122336.5249844,8,1.6252801496610634,-0.48184869994781343
1744122336.5249844,9,1.615221872636687,-1.5872162877584681
1744122336.5249844,10,1.755028982438449,-2.9218340636500315
1744122336.5249844,11,2.710518890254148,-1.3174183380907176
1744122337.0249844,7,2.988781158033604,-0.240667070866738
1744122337.0249844,8,1.438240546477072,-0.8253116314211176
1744122337.0249844,9,1.6682293241324244,-2.0526631035806955
1744122337.0249844,10,2.003792005527189,3.0187380401952844
1744122337.0249844,11,2.7715076671415027,-1.7052454197371536
1744122337.5249844,8,1.3630362304875403,-1.4470850529485442
1744122337.5249844,9,1.7648251631998575,-2.637202108969707
1744122337.5249844,10,2.1379271677784986,2.498384353088105
1744122337.5249844,11,2.8410358179095105,-2.3234766997507768
1744122338.0249844,7,2.7447197402044514,-1.4163789628626464
1744122338.0249844,8,1.326411864245831,-2.090731484170228
1744122338.0249844,9,1.757374929092034,3.03768434843143
1744122338.0249844,10,2.224602957718158,1.9373023750455545
1744122338.0249844,11,2.8972565518706572,-2.939923948692458
1744122338.5249844,7,2.7560424743611804,-2.08895885509901
1744122338.5249844,8,1.4673665795670339,-2.7555971272117263
1744122338.5249844,9,1.8450955497740715,2.4176432033829003
1744122338.5249844,10,2.1643617422294814,1.3565053377509912
1744122338.5249844,11,2.8715231410089084,2.8081805299435922
1744122339.0249844,7,2.8721461288456167,-2.6333158983769143
1744122339.0249844,8,1.4921309709491877,3.007617358893984
1744122339.0249844,9,1.9314064134818545,1.918189918357394
1744122339.0249844,10,2.197842770139437,0.8146660766609135
1744122339.5249844,7,2.9505806298340644,-3.003881343840576
1744122339.5249844,8,1.6433441180132882,2.6993235238051634
1744122339.5249844,10,2.0764715203313133,0.592441354579898
1744122340.0249844,8,1.8067145479193494,2.7985359203378186
1744122340.0249844,9,1.9992597888124308,1.8231950255025442
1744122340.0249844,10,1.918168382980267,0.6891844453201044
1744122340.5249844,8,1.965540018138417,-2.979811582393371
1744122340.5249844,9,2.0698604176131257,2.3423333994430022
1744122340.5249844,10,1.8167901010528784,1.2408607959833424
1744122341.0249844,8,2.0486466369132232,-2.410850614615953
1744122341.0249844,9,2.024260910699348,2.9341302216702214
1744122341.0249844,10,1.8398174241028584,1.8486723625644295
1744122341.5249844,8,2.0852526823754904,-1.8992651406885173
1744122341.5249844,9,2.2735944604372116,-2.7635306543615226
1744122341.5249844,10,1.9535928396034306,2.521841377316173
1744122342.0249844,8,2.1635177318664214,-1.4070836427905904
1744122342.0249844,9,2.4514010511006776,-2.1596418808275724
1744122342.5249844,8,2.0292629338104193,-0.8962681102936876
1744122342.5249844,9,2.5233784382356097,-1.6614849152981301
1744122342.5249844,10,2.2455648329187543,-2.5790507181083897
1744122343.0249844,7,2.7419594296726277,0.3605494166828396
1744122343.0249844,8,1.949905017799517,-0.40506152053196054
1744122343.0249844,9,2.377968266109555,-1.1404900973532959
1744122343.0249844,10,2.389591493781007,-2.0628153469113317
1744122343.5249844,8,1.661802386415513,-0.1121197119385145
1744122343.5249844,9,2.3549750588082072,-0.9472741023366292
1744122343.5249844,10,2.4783851677298365,-1.8335341809607355
1744122344.0249844,6,3.0492555340842613,0.48455560294349875
1744122344.0249844,7,2.441470238040377,0.6599421034255435
1744122344.0249844,8,1.4755271252510083,-0.21377311388605527
1744122344.0249844,9,2.2445800669673517,-1.0956219918728711
1744122344.0249844,10,2.547524013190906,-1.9908415818883858
1744122344.5249844,6,2.996555383747005,-0.0076833284836092045
1744122344.5249844,7,2.4360045605315745,0.22510274304122935
1744122344.5249844,8,1.353402295718233,-0.7086682147756331
1744122344.5249844,9,2.2298301346083367,-1.6418739086365377
1744122344.5249844,10,2.569464118766283,-2.543760645313995
1744122345.0249844,6,2.8355452583630485,-0.5873042213553786
1744122345.0249844,7,2.2599842144872113,-0.3538315206226074
1744122345.0249844,8,1.3834633487114028,-1.3615515142194508
1744122345.0249844,9,2.228711026688033,-2.2703552357046215
1744122345.0249844,10,2.805372349565337,-3.0839617595928814
1744122345.5249844,6,2.869013171077823,-1.2062831140751005
1744122345.5249844,7,2.2557900796792145,-0.9868513778868149
1744122345.5249844,8,1.2981018154814181,-1.9814992681687975
1744122345.5249844,9,2.3024233384404367,-2.8566856278689783
1744122345.5249844,10,2.7644057676563327,2.5488859626640883
1744122346.0249844,6,2.7525958488218945,-1.7890594413230323
1744122346.0249844,7,2.2467433976918163,-1.5946981268918412
1744122346.0249844,8,1.3422166835474354,-2.582685773047526
1744122346.0249844,9,2.2636758761259186,2.8409564380260157
1744122346.0249844,10,2.7536976489953084,1.9593630891689735
1744122346.5249844,7,2.296539793015911,-1.9574395948179533
1744122346.5249844,8,1.4712202919148447,-2.931839466085413
1744122346.5249844,9,2.4131719067492208,2.5633188310052635
1744122346.5249844,10,2.843862588869778,1.7525727936307165
1744122347.0249844,6,3.04055502113352,-2.181742772189769
1744122347.0249844,7,2.3837911728898766,-2.007053300421298
1744122347.0249844,8,1.6831792889702637,-2.929762557881794
1744122347.0249844,9,2.4735216391639683,2.648719950051479
1744122347.0249844,10,2.8900147948231267,1.825175560490261
1744122347.5249844,7,2.503896701450773,-2.2348607363937605
1744122347.5249844,8,1.699780038873624,3.1467159556165085
1744122347.5249844,9,2.7512717275307925,2.4295841846527395
1744122348.0249844,7,2.5570557339545052,-2.8422557422257597
1744122348.0249844,8,1.8275611836179462,2.6133357755042663
1744122348.0249844,9,2.787480390688436,1.8975655005653587
1744122348.0249844,10,2.8066258693400292,1.0797876215313367
1744122348.5249844,7,2.5520677715352043,2.804339186220552
1744122348.5249844,8,1.8581816163517348,2.036293764845994
1744122348.5249844,9,2.7532400081050867,1.3050197124665621
1744122348.5249844,10,2.853984907442752,0.5468205034279773
1744122349.0249844,7,2.6483004674208344,2.2584446592519023
1744122349.0249844,8,1.9829288924712718,1.469709261988368
1744122349.0249844,9,2.7828732897634794,0.8002836410773113
1744122349.0249844,10,2.6910455323015983,-0.024095708466259406
1744122349.5249844,7,2.742815512209916,1.7359892862498687
1744122349.5249844,8,1.935503693360059,1.0070604476981624
1744122349.5249844,9,2.4235199149956634,0.23012927489039572
1744122349.5249844,10,2.519020254014079,-0.6320197005902098
1744122350.0249844,7,2.7151778588572038,1.2444847922743256
1744122350.0249844,8,1.6118428904504716,0.5255119680165721
1744122350.0249844,9,2.294117902802481,-0.36863114371366984
1744122350.0249844,10,2.3622153421328527,-1.2937968785042109
1744122350.5249844,7,2.6370072888979,1.0082755992135115
1744122350.5249844,9,2.0734910207708417,-0.7261452644916168
1744122351.0249844,7,2.5344146993916286,1.1889012762573314
1744122351.0249844,8,1.2672430653638553,0.3974281262344944
1744122351.0249844,9,1.9581030960768955,-0.7049528141565291
1744122351.0249844,10,2.4465003073791403,-1.7289348006358694
1744122351.0249844,11,2.8603952559568473,-0.34127638627306794
1744122351.5249844,6,3.033599824973048,1.4911676649353232
1744122351.5249844,7,2.5403906560551848,1.6788818445798057
1744122351.5249844,8,1.1939172670408114,0.9197717621485646
1744122351.5249844,9,1.8374575240677422,-0.25730764219211555
1744122351.5249844,11,2.8206150957542975,0.1069221053258813
1744122352.0249844,6,2.8830552458376144,2.046715259470392
1744122352.0249844,7,2.524224036895108,2.2776230637018022
1744122352.0249844,8,1.1545676752986227,1.5463437142759595
1744122352.0249844,9,1.7886148783596956,0.282762404818906
1744122352.0249844,10,2.410146787576678,-0.7495017804555906
1744122352.5249844,6,2.9627168254511673,2.6341597164268005
1744122352.5249844,7,2.564727596637939,2.926365122250073
1744122352.5249844,8,1.1402786814529347,2.182884651042293
1744122352.5249844,9,1.6717282421094537,0.9112934159161358
1744122352.5249844,10,2.4460134465950207,-0.1451247219602139
1744122352.5249844,11,2.617043877050986,1.305175520026939
1744122353.0249844,7,2.6121849879574763,-2.772158774896142
1744122353.0249844,8,1.1862190326360962,2.7676602606291896
1744122353.0249844,9,1.6418144959853707,1.5026485696274803
1744122353.0249844,10,2.3585432403916555,0.41348368921331147
1744122353.0249844,11,2.7916886145395643,1.911168589415435
1744122353.5249844,7,2.772571531724446,-2.5144935156928483
1744122353.5249844,8,1.3661034477789575,3.127956135432918
1744122353.5249844,9,1.7574474572042176,1.9101549785471006
1744122353.5249844,10,2.182702670127425,0.8344188352199116
1744122353.5249844,11,2.782410361617992,2.3065307381703373
1744122354.0249844,7,2.768753124099762,-2.23607201377932
1744122354.0249844,8,1.5354035544024422,-2.919895957248644
1744122354.0249844,9,1.8728328876769686,2.2733310269688136
1744122354.0249844,10,2.138812541639736,1.1167340566391157
1744122354.0249844,11,3.055159311234536,2.5513675818027535
1744122354.5249844,7,3.0224005873476973,-2.4075600845323226
1744122354.5249844,8,1.6837808454973555,-2.983535573706128
1744122354.5249844,9,1.9372227890259,2.2683168363133213
1744122354.5249844,10,2.022632178722213,1.17198491760497
1744122355.0249844,8,1.8366642327855907,2.8759331380954976
1744122355.0249844,9,1.9584911097800455,1.9287346887068888
1744122355.0249844,10,1.9257435016440245,0.8058863801860915
1744122355.5249844,8,1.8441284299500122,2.3122300506298643
1744122355.5249844,10,1.8017433367082103,0.2310646777659656
1744122356.0249844,8,1.9391062748784305,1.731704247394454
1744122356.0249844,9,1.978726347556796,0.8082149172129643
1744122356.0249844,10,1.7628067851203364,-0.34759724166667044
1744122356.5249844,8,1.963937457503935,1.2777535365067216
1744122356.5249844,9,1.9172277600228242,0.2640388128583728
1744122356.5249844,10,1.6904224276439015,-1.0139168803351968
1744122357.0249844,8,1.8203272147101826,0.7147670556079645
1744122357.0249844,9,1.6886337982391442,-0.3121156467736759
1744122357.0249844,10,1.5507279967240817,-1.7551168989871078
1744122357.0249844,11,2.843634656749152,-0.15933382121518708
1744122357.5249844,8,1.7505907888465475,0.18385385868171197
1744122357.5249844,9,1.5908146566445835,-0.9802789524550176
1744122357.5249844,10,1.6361484046971777,-2.428860789135412
1744122357.5249844,11,2.6852979430610593,-0.7448703192229977
1744122358.0249844,8,1.5928052149508296,-0.4489805246121505
1744122358.0249844,9,1.5016653387263401,-1.6747257323237865
1744122358.0249844,10,1.7365787053706354,-3.0843076791838633
1744122358.0249844,11,2.562097644252312,-1.3693798960116688
1744122358.5249844,8,1.4463405599110712,-1.0520343025377927
1744122358.5249844,9,1.5418436668556148,-2.323051052305583
1744122358.5249844,10,1.8968141280806374,2.610581067934769
1744122358.5249844,11,2.6387393501781253,-2.043901191060077
1744122359.0249844,8,1.4601557333526445,-1.6879777370682107
1744122359.0249844,9,1.5795854112737497,-2.9442595722851475
1744122359.0249844,10,1.8924153047777834,2.082950313689841
1744122359.0249844,11,2.7286346789141116,-2.577008887844152
1744122359.5249844,7,2.955806773336665,-1.563320677874446
1744122359.5249844,8,1.5361116399944421,-2.11605434779158
1744122359.5249844,9,1.7924880245577344,3.0169058201084114
1744122359.5249844,10,1.9583553750323925,1.8827328793400808
1744122359.5249844,11,3.0078333428626163,-2.9780036578171813
1744122360.0249844,7,2.965081772377653,-1.7063236820884191
1744122360.0249844,8,1.6982865488801087,-2.3037570147929705
1744122360.0249844,9,2.006247855353434,3.0052438081451016
1744122360.0249844,10,1.960408833995743,1.920871689077671
1744122360.5249844,7,2.8954956372408382,-1.5361938452463075
1744122360.5249844,8,1.8548310570097504,-2.1713873613403223
1744122360.5249844,9,2.21766815971833,-3.022136480104601
1744122360.5249844,10,2.252057968807996,2.2346728190336047
1744122361.0249844,7,2.8818577820230327,-1.0968499208340494
1744122361.0249844,8,1.9787319190441508,-1.779445507771645
1744122361.0249844,9,2.5475585459061674,-2.5770013937624587
1744122361.0249844,10,2.4441081108883016,2.8351935693503223
1744122361.5249844,7,2.7817687329806553,-0.5529241447173985
1744122361.5249844,8,1.883726027726065,-1.321123617746011
1744122361.5249844,9,2.742998835413608,-1.9872316916710893
1744122361.5249844,10,2.533126542882696,-2.808302911159696
1744122362.0249844,7,2.4526447694890465,-0.036613362929799026
1744122362.0249844,8,1.9290512244990727,-0.8305956099876319
1744122362.0249844,9,2.6976081911240595,-1.5184787820312637
1744122362.0249844,10,2.751742975056989,-2.3344560744905483
1744122362.5249844,6,3.008739037724247,0.16474721092939063
1744122362.5249844,7,2.273340580774093,0.2985067115109074
1744122362.5249844,8,1.6779542418866107,-0.5993498674728184
1744122362.5249844,9,2.7086322410100254,-1.2961601405874537
1744122362.5249844,10,2.9503953687491116,-2.0734551910970067
1744122363.0249844,6,2.653096409073722,0.06578624582620177
1744122363.0249844,7,2.0027044684076025,0.29922240671073896
1744122363.0249844,8,1.5400234282700285,-0.7994415379830626
1744122363.0249844,9,2.6677558164119475,-1.5221425730875924
1744122363.5249844,6,2.4954050810629287,-0.3447370106613514
1744122363.5249844,7,1.956686492136265,-0.19706406085631942
1744122363.5249844,8,1.3239740058268912,-1.346172121164238
1744122363.5249844,9,2.6703069546213896,-1.9792354503551257
1744122364.0249844,6,2.3625006975649336,-0.9588533125989982
1744122364.0249844,7,1.8099748569341714,-0.7912444514135263
1744122364.0249844,8,1.4060986273223544,-2.0212793066828048
1744122364.0249844,9,2.6805814724481385,-2.638883808073198
1744122364.5249844,6,2.347356593483174,-1.5971895674171914
1744122364.5249844,7,1.7701161776921654,-1.3880654063717537
1744122364.5249844,8,1.428733735061476,-2.6617472076646607
1744122364.5249844,9,2.7590299189615015,3.074795091941719
1744122365.0249844,6,2.424360220734277,-2.229288515305282
1744122365.0249844,7,1.7708925765943113,-2.045516210371309
1744122365.0249844,8,1.5378228719778793,3.013563692857994
1744122365.0249844,9,2.9622955664092174,2.485894067898478
1744122365.5249844,6,2.4326396465255793,-2.861049632853661
1744122365.5249844,7,1.895069283816771,-2.698423737040464
1744122365.5249844,8,1.5647510601848449,2.4388115134025594
1744122365.5249844,9,2.8730105209759453,1.8817629057446403
1744122366.0249844,6,2.5694959290394723,2.819006696086992
1744122366.0249844,7,2.0035144706063646,2.9712989748208387
1744122366.0249844,8,1.709490555934067,1.9072831722648032
1744122366.0249844,9,2.9367962490070116,1.341667668732837
1744122366.5249844,6,2.7592294250356764,2.259232548041412
1744122366.5249844,7,2.2301418911302746,2.4379976337789397
1744122366.5249844,8,1.6754566601944945,1.4075438951705195
1744122366.5249844,9,2.8590076610764026,0.8051487608113421
1744122367.0249844,6,2.8075151748426723,1.7554468174820554
1744122367.0249844,7,2.3293896501272444,1.9455784652617507
1744122367.0249844,8,1.6213994622235786,0.9532711138763175
1744122367.0249844,9,2.692814779920564,0.23159666679205146
1744122367.0249844,10,2.9643869839923678,-0.539755295463171
1744122367.5249844,6,2.8452175331510032,1.5465392717483042
1744122367.5249844,7,2.3772116750407712,1.761911752849718
1744122367.5249844,8,1.4508289589724555,0.8090660782412692
1744122367.5249844,9,2.4144233662892973,0.0022673278878769174
1744122367.5249844,10,2.7674598387784246,-0.8868924537413667
1744122368.0249844,6,2.8718621834264257,1.3403268537200796
1744122368.0249844,7,2.3670826665241926,1.5516021504562438
1744122368.0249844,8,1.2937867398220861,0.6643423715561027
1744122368.0249844,10,2.6132654946399834,-1.2164150478248026
1744122368.5249844,6,2.838007331000243,1.4243228137871884
1744122368.5249844,7,2.3094619132348377,1.634312833970219
1744122368.5249844,8,1.156618918781066,0.7813699988475725
1744122368.5249844,9,2.0174933505375137,-0.3184318546278047
1744122368.5249844,10,2.5497503125918306,-1.2639922546656854
1744122368.5249844,11,2.802908650695026,0.09901310560416046
1744122369.0249844,6,2.752465234517674,1.883747018147325
1744122369.0249844,8,1.0798201962109488,1.2612577091187738
1744122369.0249844,9,1.856793433817285,0.1163294413599454
1744122369.0249844,10,2.4540496295657874,-0.816982932893392
1744122369.0249844,11,2.7923646009516725,0.477556784904321
1744122369.5249844,6,2.876009822316386,2.4939423337317703
1744122369.5249844,7,2.4624594452391277,2.68968603209878
1744122369.5249844,8,1.1663553001960303,1.8793207200337037
1744122369.5249844,9,1.7993287357097627,0.7508446320228407
1744122369.5249844,10,2.425214187128197,-0.25110126792699117
1744122369.5249844,11,2.676902906220918,1.1348651003042631
1744122370.0249844,6,2.975815166253852,3.0843483491610337
1744122370.0249844,7,2.500235852053238,-2.998808749963649
1744122370.0249844,8,1.157614170004997,2.514409508502765
1744122370.0249844,9,1.8210996583092907,1.3184445532700626
1744122370.0249844,10,2.478973320717235,0.3171710442073562
1744122370.0249844,11,2.904947599725655,1.702712936592857
1744122370.5249844,7,2.6804831820439925,-2.4546365022332606
1744122370.5249844,8,1.3069072010945242,3.083549000915789
1744122370.5249844,9,1.8969982492341324,1.9505753180470111
1744122370.5249844,10,2.2771715209949033,0.867682935917218
1744122370.5249844,11,2.7954852850665937,2.2487438720436437
1744122371.0249844,7,2.7097266713737365,-2.0329404720893223
1744122371.0249844,8,1.4715886756588827,-2.706508178071527
1744122371.0249844,9,1.9259087485754833,2.4685263901173036
1744122371.0249844,11,2.7193483908572222,2.818506711026415
1744122371.5249844,7,2.8054614662903083,-1.8548466500020515
1744122371.5249844,8,1.5004613509077838,-2.553953447622403
1744122371.5249844,9,2.0141408149705406,2.7137691962488604
1744122371.5249844,10,2.160537309574432,1.6997761847265207
1744122372.0249844,7,2.7480058734719974,-2.0772342787546805
1744122372.0249844,8,1.6736148194564824,-2.7873477774413202
1744122372.0249844,9,2.0678220157052345,2.5959999055381116
1744122372.0249844,10,2.1957369022074293,1.597344464246153
1744122372.5249844,7,2.995262383666411,-2.6079174107941054
1744122372.5249844,8,1.7448776653953444,2.987853633375281
1744122372.5249844,9,2.2263621093650214,2.111531585174856
1744122372.5249844,10,2.1597278716063153,1.093870193781312
1744122373.0249844,8,1.7128636183218442,2.4411507677647686
1744122373.0249844,9,2.233999686139259,1.5386845921414831
1744122373.0249844,10,2.1806744102580162,0.5743641811851373
1744122373.5249844,8,1.9976131654802145,1.9243307950251811
1744122373.5249844,9,2.1607501964928835,1.0167084527031154
1744122373.5249844,10,1.9922295389363698,-0.02387549324657771
1744122374.0249844,8,1.9736613588174938,1.3788896466117078
1744122374.0249844,9,2.155281250991088,0.46795353910501214
1744122374.0249844,10,1.7922573001104276,-0.6415344510104144
1744122374.5249844,8,1.935673172944052,0.8983213832555769
1744122374.5249844,9,1.867687234334043,-0.06384008849364653
1744122374.5249844,10,1.6363972671398361,-1.3327563676985643
1744122375.0249844,8,1.6729662701336303,0.36845265358409507
1744122375.0249844,9,1.7175136267895634,-0.7296030159204416
1744122375.0249844,10,1.663017100347933,-2.0730637772799816
1744122375.0249844,11,2.935868745526343,-0.49233299423723165
1744122375.5249844,8,1.4524891548301688,-0.17025465022644137
1744122375.5249844,10,1.9580037575464568,-2.7289890703406954
1744122375.5249844,11,2.649712966785368,-1.0932664305586302
1744122376.0249844,7,2.8437262210261394,-0.23602850081771776
1744122376.0249844,9,1.4541885343096355,-2.116354720452157
1744122376.0249844,10,2.064919539529236,3.0028131564284135
1744122376.0249844,11,2.652760134902765,-1.7253948344631016
1744122376.5249844,7,2.716425179416557,-0.8816313058255419
1744122376.5249844,8,1.211229147882357,-1.4821393325913956
1744122376.5249844,9,1.5847234348388497,-2.7355416204860865
1744122376.5249844,10,2.100901657711052,2.331362362965066
1744122376.5249844,11,2.6537220629830616,-2.3885806360080553
1744122377.0249844,7,2.681562482685431,-1.4526876259759542
1744122377.0249844,8,1.1851892294250777,-2.083220611272603
1744122377.0249844,9,1.6099971358865481,2.9127645578461587
1744122377.0249844,10,2.2654405944915332,1.8081000796222
1744122377.0249844,11,2.7272805780816856,-2.983772795903818
1744122377.5249844,7,2.689267647780274,-2.056548391917819
1744122377.5249844,8,1.3040696847322928,-2.7588953363864688
1744122377.5249844,9,1.7392028065382128,2.3577205236318712
1744122377.5249844,10,2.1331384273676037,1.265972535694361
1744122377.5249844,11,2.8147278715999264,2.649955879765143
1744122378.0249844,7,2.796549900010633,-2.628703232619366
1744122378.0249844,8,1.3934081446886053,2.940536480190912
1744122378.0249844,9,1.8283015468003725,1.7946542121212878
1744122378.0249844,10,2.1343386372149493,0.72012650958512
1744122378.0249844,11,2.791043134123711,2.148247779996327
1744122378.5249844,7,2.9521335226540835,-3.116689922454202
1744122378.5249844,8,1.5925661293480495,2.5490770460546925
1744122378.5249844,9,1.8850552832912708,1.484656268914472
1744122378.5249844,10,1.9997727379022643,0.34024681887750285
1744122378.5249844,11,2.8466839045421213,1.7659400950511321
1744122379.0249844,8,1.7997978803937755,2.1536822300652423
1744122379.0249844,9,1.7629297720703698,1.1285621217995223
1744122379.0249844,10,1.85551758505297,-0.15136647276141213
1744122379.0249844,11,3.0501636606583107,1.3219495582230563
1744122379.5249844,8,1.7464267987104471,1.6574331620250453
1744122379.5249844,9,1.7131322719898985,0.5892296608562037
1744122379.5249844,10,1.6967796840911176,-0.7805815122978979
1744122379.5249844,11,2.9501600839870856,0.8429515942016059
1744122380.0249844,8,1.750653052314727,1.1669674306652138
1744122380.0249844,9,1.475570433479239,0.033629093767207484
1744122380.0249844,11,2.6826342659829914,0.23924628084070373
1744122380.5249844,8,1.691603231242412,0.6159929069405128
1744122380.5249844,9,1.45449414865139,-0.5899368758915469
1744122380.5249844,10,1.5982744699685039,-2.1296636989452837
1744122380.5249844,11,2.626544930556441,-0.38599144464273205
1744122381.0249844,8,1.5880928062437354,0.031432104112849184
1744122381.0249844,9,1.411477832894922,-1.262707965303257
1744122381.0249844,10,1.7210454088950087,-2.7417066921593483
1744122381.0249844,11,2.558194095872373,-0.937834099690637
1744122381.5249844,8,1.4708191320953816,-0.5705108676239196
1744122381.5249844,9,1.3901757669945713,-1.908701882456927
1744122381.5249844,10,1.869757529329935,2.874570164799868
1744122381.5249844,11,2.4826872734343866,-1.5785418745347781
1744122382.0249844,8,1.402914195658329,-1.1841984061044908
1744122382.0249844,9,1.3072059523987447,-2.568936266591827
1744122382.0249844,10,1.865600963930977,2.326003801663105
1744122382.0249844,11,2.6329986244079144,-2.2033909368525273
1744122382.5249844,8,1.490002634729544,-1.9361309663679573
1744122382.5249844,9,1.5483430649834844,3.089332677352493
1744122382.5249844,11,2.7480118104782214,-2.8638674362122583
1744122383.0249844,8,1.5576706065144492,-2.5874461140091016
1744122383.0249844,9,1.6660578503244854,2.5474231327097847
1744122383.0249844,10,1.9156916110107738,1.229252637068478
1744122383.0249844,11,2.857891368129588,2.836482957141185
1744122383.5249844,8,1.717687898735714,3.065523251215325
1744122383.5249844,10,1.8225079507792319,0.7689736420835179
1744122383.5249844,11,2.9601750332308225,2.3134985532915353
1744122384.0249844,8,1.9936603467040543,2.4872506796235934
1744122384.0249844,9,1.8479290187935193,1.510609648655376
1744122384.0249844,10,1.6731632788490505,0.22652080336432628
1744122384.5249844,8,2.0063879182518365,1.9339147133426922
1744122384.5249844,9,1.8827014343024484,0.9142315106432186
1744122384.5249844,10,1.6099146523503296,-0.39196569600708864
1744122385.0249844,8,1.9486244233618892,1.3677763753974352
1744122385.0249844,9,1.7143940219472074,0.3746289867397981
1744122385.0249844,10,1.4886393417799337,-1.004266557304918
1744122385.5249844,8,1.9237919436921083,0.8155154571628672
1744122385.5249844,9,1.603717305215141,-0.21734378217139255
1744122385.5249844,10,1.503087127445257,-1.675373592653071
1744122385.5249844,11,3.0099275133015984,-0.0033476191751333935
1744122386.0249844,8,1.825253008162454,0.25996778848855256
1744122386.0249844,9,1.6022040868173562,-0.8618352068388244
1744122386.0249844,10,1.5657828993939966,-2.3281594415827063
1744122386.0249844,11,2.7636037675956278,-0.5941573553640042
1744122386.5249844,8,1.634613565055857,-0.32856693493712563
1744122386.5249844,9,1.4468093681319056,-1.5471525171462048
1744122386.5249844,10,1.6859359045961806,-2.9561170442587956
1744122386.5249844,11,2.573751463340864,-1.3188157139384966
1744122387.0249844,8,1.4854212919835887,-0.9721475458728897
1744122387.0249844,9,1.5193654031699497,-2.2816691678818177
1744122387.0249844,10,1.9088247661944246,2.695853255539181
1744122387.0249844,11,2.5623168314219775,-1.9459941565278895
1744122387.5249844,7,3.0386872362224917,-1.1649621794022849
1744122387.5249844,8,1.3622994677327567,-1.6632567942118108
1744122387.5249844,9,1.7398298288214415,-2.9121835797549718
1744122387.5249844,10,1.9284206064581821,2.1039393994083455
1744122387.5249844,11,2.6481033750400265,-2.5692052152346716
1744122388.0249844,7,2.976875915758472,-1.7432764680088446
1744122388.0249844,8,1.5623533321227794,-2.32773145888373
1744122388.0249844,9,1.7006490805565084,2.772873004243707
1744122388.0249844,10,1.9067971923291103,1.600670584198638
1744122388.0249844,11,2.8438323872966857,3.0610739520820403
1744122388.5249844,8,1.628796278906941,-2.9542673821519823
1744122388.5249844,9,1.858791179750378,2.216567698395643
1744122388.5249844,10,1.977940293972241,1.0661461275857895
1744122388.5249844,11,2.9210179958660905,2.518625375570119
1744122389.0249844,8,1.7737253697657798,2.6908778106740576
1744122389.0249844,9,1.927437424422619,1.7330455916108756
1744122389.0249844,10,1.9020799932484715,0.4917701616220597
1744122389.5249844,8,1.9009348529666377,2.1775130597239243
1744122389.5249844,9,1.9444329574347368,1.1483449829091015
1744122389.5249844,10,1.7056577724284112,-0.06979760118154812
